# ************************************************************
# Sequel Pro SQL dump
# Version 4135
#
# http://www.sequelpro.com/
# http://code.google.com/p/sequel-pro/
#
# Host: 127.0.0.1 (MySQL 5.5.34)
# Database: beacondb
# Generation Time: 2015-01-07 14:02:51 +0000
# ************************************************************


/*!40101 SET @OLD_CHARACTER_SET_CLIENT=@@CHARACTER_SET_CLIENT */;
/*!40101 SET @OLD_CHARACTER_SET_RESULTS=@@CHARACTER_SET_RESULTS */;
/*!40101 SET @OLD_COLLATION_CONNECTION=@@COLLATION_CONNECTION */;
/*!40101 SET NAMES utf8 */;
/*!40014 SET @OLD_FOREIGN_KEY_CHECKS=@@FOREIGN_KEY_CHECKS, FOREIGN_KEY_CHECKS=0 */;
/*!40101 SET @OLD_SQL_MODE=@@SQL_MODE, SQL_MODE='NO_AUTO_VALUE_ON_ZERO' */;
/*!40111 SET @OLD_SQL_NOTES=@@SQL_NOTES, SQL_NOTES=0 */;


# Dump of table beacon
# ------------------------------------------------------------

DROP TABLE IF EXISTS `beacon`;

CREATE TABLE `beacon` (
  `beaconID` int(10) unsigned NOT NULL AUTO_INCREMENT,
  `branchID` int(10) unsigned NOT NULL,
  `macAddress` varchar(100) DEFAULT '',
  `proximityUUID` varchar(255) DEFAULT '',
  `major` int(11) DEFAULT NULL,
  `minor` int(11) DEFAULT NULL,
  `beaconName` varchar(255) DEFAULT NULL,
  PRIMARY KEY (`beaconID`),
  UNIQUE KEY `macAddress` (`macAddress`),
  UNIQUE KEY `branchID_2` (`branchID`,`beaconName`),
  KEY `branchID` (`branchID`),
  CONSTRAINT `beacon_ibfk_1` FOREIGN KEY (`branchID`) REFERENCES `branch` (`branchID`) ON DELETE CASCADE ON UPDATE NO ACTION
) ENGINE=InnoDB DEFAULT CHARSET=latin1;

LOCK TABLES `beacon` WRITE;
/*!40000 ALTER TABLE `beacon` DISABLE KEYS */;

INSERT INTO `beacon` (`beaconID`, `branchID`, `macAddress`, `proximityUUID`, `major`, `minor`, `beaconName`)
VALUES
	(18,2,'D6:9B:AD:4E:9C:9C','b9407f30-f5f8-466e-aff9-25556b57fe6d',40092,44366,'Pecanwood Clubhouse'),
	(20,2,'FC:0F:E6:B0:A8:95','b9407f30-f5f8-466e-aff9-25556b57fe6d',43157,59056,'Test Beacon');

/*!40000 ALTER TABLE `beacon` ENABLE KEYS */;
UNLOCK TABLES;


# Dump of table beaconDataItem
# ------------------------------------------------------------

DROP TABLE IF EXISTS `beaconDataItem`;

CREATE TABLE `beaconDataItem` (
  `beaconDataItemID` int(11) unsigned NOT NULL AUTO_INCREMENT,
  `imageUrl` varchar(255) NOT NULL DEFAULT '',
  `html` text,
  `text` varchar(255) DEFAULT '',
  `beaconID` int(10) unsigned NOT NULL,
  PRIMARY KEY (`beaconDataItemID`),
  KEY `beaconID` (`beaconID`),
  CONSTRAINT `beacondataitem_ibfk_1` FOREIGN KEY (`beaconID`) REFERENCES `beacon` (`beaconID`) ON DELETE CASCADE
) ENGINE=InnoDB DEFAULT CHARSET=latin1;



# Dump of table branch
# ------------------------------------------------------------

DROP TABLE IF EXISTS `branch`;

CREATE TABLE `branch` (
  `branchID` int(10) unsigned NOT NULL AUTO_INCREMENT,
  `companyID` int(10) unsigned NOT NULL,
  `branchName` varchar(255) NOT NULL,
  `email` varchar(255) DEFAULT '',
  `cellphone` varchar(50) DEFAULT '',
  PRIMARY KEY (`branchID`),
  UNIQUE KEY `companyID_2` (`companyID`,`branchName`),
  KEY `companyID` (`companyID`),
  CONSTRAINT `branch_ibfk_1` FOREIGN KEY (`companyID`) REFERENCES `company` (`companyID`) ON DELETE CASCADE ON UPDATE NO ACTION
) ENGINE=InnoDB DEFAULT CHARSET=latin1;

LOCK TABLES `branch` WRITE;
/*!40000 ALTER TABLE `branch` DISABLE KEYS */;

INSERT INTO `branch` (`branchID`, `companyID`, `branchName`, `email`, `cellphone`)
VALUES
	(1,1,'Apparel Store, Sandton','info_sandton@apparel.store.com','071 219 3543'),
	(2,8,'Pecanwood Branch','malengadev@gmail.com',NULL),
	(3,8,'Sandton Branch','aubrey@mlab.co.za','089 234 65656'),
	(4,8,'Centurion Branch','centu@gmail.com','012 345 4667'),
	(5,8,'Rustenburg Branch','rusten@gmail.com','014 747 5889'),
	(6,8,'Bryanston','bryanston@gmail.com','078 377 4667'),
	(7,8,'Soweto Branch','soweto@gmail.com','098 277 3778'),
	(8,8,'Lynnwood Estate Branch','lynnwood@gmail.com','099 2777 37787'),
	(9,8,'Krugersdorp Branch','kruger@gsng.com',''),
	(10,9,'Pecanwood Store',NULL,NULL),
	(11,9,'Sandton Store',NULL,NULL),
	(12,1,'The Apparel Store, Centurion',NULL,NULL),
	(13,1,'The Apparel Store, Lynnwood',NULL,NULL),
	(14,9,'Centurion Store',NULL,NULL),
	(15,10,'Kilmarnock',NULL,NULL),
	(16,10,'Pecanwood',NULL,NULL),
	(17,10,'Midrand',NULL,NULL),
	(18,13,'Market Street',NULL,NULL),
	(19,13,'Fourways Mall',NULL,NULL),
	(20,13,'Harties Lakeview Mall',NULL,NULL),
	(21,13,'Eastgate Mall',NULL,NULL),
	(22,10,'Hartbeestpoort',NULL,NULL),
	(23,12,'Reception',NULL,NULL),
	(24,12,'Europe Coffee Shop',NULL,NULL),
	(25,12,'Enterprise Building',NULL,NULL),
	(26,12,'mLab',NULL,NULL),
	(27,12,'Main Entrance Gate',NULL,NULL),
	(28,12,'Blossum Inc.',NULL,NULL),
	(29,11,'Fourways Mall',NULL,NULL),
	(30,11,'Lynnwood Mall',NULL,NULL),
	(31,11,'Centurion Mall',NULL,NULL),
	(32,11,'Sandton Mall',NULL,NULL),
	(33,11,'Northgate Mall',NULL,NULL),
	(34,11,'Eastgate Mall',NULL,NULL),
	(35,11,'Southgate Mall',NULL,NULL),
	(36,11,'Harties Lakeview Mall',NULL,NULL),
	(37,11,'Brits  Mall',NULL,NULL),
	(38,11,'Bryanston Mall',NULL,NULL),
	(39,9,'Fourways Mall',NULL,NULL);

/*!40000 ALTER TABLE `branch` ENABLE KEYS */;
UNLOCK TABLES;


# Dump of table company
# ------------------------------------------------------------

DROP TABLE IF EXISTS `company`;

CREATE TABLE `company` (
  `companyID` int(10) unsigned NOT NULL AUTO_INCREMENT,
  `companyName` varchar(255) NOT NULL,
  `email` varchar(255) DEFAULT '',
  `cellphone` varchar(50) DEFAULT '',
  PRIMARY KEY (`companyID`),
  UNIQUE KEY `companyName` (`companyName`)
) ENGINE=InnoDB DEFAULT CHARSET=latin1;

LOCK TABLES `company` WRITE;
/*!40000 ALTER TABLE `company` DISABLE KEYS */;

INSERT INTO `company` (`companyID`, `companyName`, `email`, `cellphone`)
VALUES
	(1,'The Apparel Store Inc.','info@apparel.store','071 219 3543'),
	(8,'The Famous Big Store','malengadev@gmail.com',NULL),
	(9,'Pick n Pay',NULL,NULL),
	(10,'Joe\'s Pizzerias',NULL,NULL),
	(11,'Woolworths South Africa',NULL,NULL),
	(12,'The Innovation Hub',NULL,NULL),
	(13,'Nandos Chicken',NULL,NULL);

/*!40000 ALTER TABLE `company` ENABLE KEYS */;
UNLOCK TABLES;


# Dump of table errorStore
# ------------------------------------------------------------

DROP TABLE IF EXISTS `errorStore`;

CREATE TABLE `errorStore` (
  `errorStoreID` int(10) unsigned NOT NULL AUTO_INCREMENT,
  `statusCode` int(11) NOT NULL,
  `message` text NOT NULL,
  `dateOccured` datetime NOT NULL,
  `origin` varchar(255) NOT NULL,
  PRIMARY KEY (`errorStoreID`),
  KEY `dateOccured` (`dateOccured`)
) ENGINE=InnoDB DEFAULT CHARSET=latin1;

LOCK TABLES `errorStore` WRITE;
/*!40000 ALTER TABLE `errorStore` DISABLE KEYS */;

INSERT INTO `errorStore` (`errorStoreID`, `statusCode`, `message`, `dateOccured`, `origin`)
VALUES
	(1,0,'Visit registered\nBryanston Mall East Entrance\nTiger Malabie','2014-09-11 12:12:39','Proximity'),
	(2,0,'Visit registered\nBryanston Mall East Entrance\nTiger Malabie','2014-09-11 12:19:25','Proximity'),
	(3,0,'Visit registered\nBryanston Mall East Entrance\nTiger Malabie','2014-09-11 12:24:23','Proximity'),
	(4,0,'Visit registered\nBryanston Mall East Entrance\nTiger Malabie','2014-09-11 12:28:04','Proximity'),
	(5,0,'Visit registered\nBryanston Mall East Entrance\nTiger Malabie','2014-09-11 12:29:41','Proximity'),
	(6,0,'Visit registered\nBryanston Mall East Entrance\nTiger Malabie','2014-09-11 12:33:36','Proximity'),
	(7,0,'Visit registered\nBryanston Mall East Entrance\nTiger Malabie','2014-09-11 12:34:52','Proximity'),
	(8,0,'Visit registered\nBryanston Mall East Entrance\nTiger Malabie','2014-09-11 12:35:31','Proximity'),
	(9,0,'Visit registered\nBryanston Mall East Entrance\nTiger Malabie','2014-09-11 12:38:22','Proximity'),
	(10,0,'Visit registered\nBryanston Mall East Entrance\nTiger Malabie','2014-09-11 12:39:14','Proximity'),
	(11,0,'Visit registered\nBryanston Mall East Entrance\nTiger Malabie','2014-09-11 12:44:00','Proximity'),
	(12,0,'Visit registered\nBryanston Mall East Entrance\nTiger Malabie','2014-09-11 12:45:46','Proximity'),
	(13,0,'Visit registered\nBryanston Mall East Entrance\nTiger Malabie','2014-09-11 12:49:37','Proximity'),
	(14,0,'Visit registered\nBryanston Mall East Entrance\nTiger Malabie','2014-09-11 12:51:16','Proximity'),
	(15,0,'Visit registered\nBryanston Mall East Entrance\nTiger Malabie','2014-09-11 12:53:06','Proximity'),
	(16,0,'Visit registered\nBryanston Mall East Entrance\nTiger Malabie','2014-09-11 12:57:56','Proximity'),
	(17,0,'Visit registered\nBryanston Mall East Entrance\nTiger Malabie','2014-09-11 13:00:48','Proximity'),
	(18,0,'Visit registered\nBryanston Mall East Entrance\nTiger Malabie','2014-09-11 13:01:09','Proximity'),
	(19,0,'Visit registered\nBryanston Mall East Entrance\nTiger Malabie','2014-09-11 13:01:29','Proximity'),
	(20,0,'Visit registered\nBryanston Mall East Entrance\nTiger Malabie','2014-09-11 13:03:31','Proximity'),
	(21,0,'Visit registered\nBryanston Mall East Entrance\nTiger Malabie','2014-09-11 13:06:12','Proximity'),
	(22,0,'Visitor registered\nAubreyMalabie','2014-09-11 13:17:48','Proximity'),
	(23,0,'Visit registered\nBryanston Mall East Entrance\nAubrey Malabie','2014-09-11 13:17:52','Proximity'),
	(24,0,'Visit registered\nBryanston Mall East Entrance\nAubrey Malabie','2014-09-11 13:19:02','Proximity'),
	(25,0,'Visit registered\nBryanston Mall East Entrance\nAubrey Malabie','2014-09-11 13:31:33','Proximity'),
	(26,0,'Visit registered\nBryanston Mall East Entrance\nAubrey Malabie','2014-09-11 22:27:32','Proximity'),
	(27,0,'Visit registered\nBryanston Mall East Entrance\nAubrey Malabie','2014-09-11 23:26:20','Proximity'),
	(28,0,'Visit registered\nBryanston Mall East Entrance\nAubrey Malabie','2014-09-11 23:33:50','Proximity'),
	(29,0,'Visit registered\nBryanston Mall East Entrance\nAubrey Malabie','2014-09-12 00:57:15','Proximity'),
	(30,0,'Visit registered\nBryanston Mall East Entrance\nAubrey Malabie','2014-09-12 01:04:46','Proximity'),
	(31,0,'Visit registered\nBryanston Mall East Entrance\nAubrey Malabie','2014-09-12 01:24:28','Proximity'),
	(32,0,'Visitor registered\nFrances AnnaSmith','2014-09-12 02:45:28','Proximity'),
	(33,0,'Visit registered\nBryanston Mall East Entrance\nFrances Anna Smith','2014-09-12 02:45:34','Proximity'),
	(34,0,'Visit registered\nBryanston Mall East Entrance\nFrances Anna Smith','2014-09-12 02:46:37','Proximity'),
	(35,0,'Visit registered\nBryanston Mall East Entrance\nFrances Anna Smith','2014-09-12 02:47:27','Proximity'),
	(36,0,'Visit registered\nBryanston Mall East Entrance\nFrances Anna Smith','2014-09-12 02:48:04','Proximity'),
	(37,0,'Visit registered\nBryanston Mall East Entrance\nFrances Anna Smith','2014-09-12 02:48:19','Proximity'),
	(38,0,'Visit registered\nBryanston Mall East Entrance\nFrances Anna Smith','2014-09-12 02:48:31','Proximity'),
	(39,0,'Visit registered\nBryanston Mall East Entrance\nFrances Anna Smith','2014-09-12 02:48:43','Proximity'),
	(40,0,'Visitor registered\nCatherineMalabie','2014-09-12 02:50:19','Proximity'),
	(41,0,'Visit registered\nBryanston Mall East Entrance\nCatherine Malabie','2014-09-12 02:50:23','Proximity'),
	(42,0,'Visit registered\nBryanston Mall East Entrance\nCatherine Malabie','2014-09-12 02:50:40','Proximity'),
	(43,0,'Visit registered\nBryanston Mall East Entrance\nCatherine Malabie','2014-09-12 02:50:52','Proximity'),
	(44,0,'Visit registered\nBryanston Mall East Entrance\nCatherine Malabie','2014-09-12 02:51:23','Proximity'),
	(45,0,'Visit registered\nBryanston Mall East Entrance\nCatherine Malabie','2014-09-12 02:53:22','Proximity'),
	(46,0,'Visit registered\nBryanston Mall East Entrance\nCatherine Malabie','2014-09-12 02:53:44','Proximity'),
	(47,0,'Visit registered\nBryanston Mall East Entrance\nCatherine Malabie','2014-09-12 02:55:29','Proximity'),
	(48,0,'Visit registered\nBryanston Mall East Entrance\nCatherine Malabie','2014-09-12 03:00:26','Proximity'),
	(49,0,'Visit registered\nBryanston Mall East Entrance\nCatherine Malabie','2014-09-12 03:00:55','Proximity'),
	(50,0,'Visit registered\nBryanston Mall East Entrance\nCatherine Malabie','2014-09-12 03:01:07','Proximity'),
	(51,0,'Visit registered\nBryanston Mall East Entrance\nCatherine Malabie','2014-09-12 03:01:28','Proximity'),
	(52,0,'Visit registered\nBryanston Mall East Entrance\nCatherine Malabie','2014-09-12 03:01:36','Proximity'),
	(53,0,'Visit registered\nBryanston Mall East Entrance\nCatherine Malabie','2014-09-12 03:04:24','Proximity'),
	(54,0,'Visit registered\nBryanston Mall East Entrance\nCatherine Malabie','2014-09-12 03:04:25','Proximity'),
	(55,0,'Visit registered\nBryanston Mall East Entrance\nCatherine Malabie','2014-09-12 03:04:33','Proximity'),
	(56,0,'Visit registered\nBryanston Mall East Entrance\nCatherine Malabie','2014-09-12 03:04:39','Proximity'),
	(57,0,'Visit registered\nBryanston Mall East Entrance\nCatherine Malabie','2014-09-12 03:04:47','Proximity'),
	(58,0,'Visit registered\nBryanston Mall East Entrance\nCatherine Malabie','2014-09-12 03:08:57','Proximity'),
	(59,0,'Visit registered\nBryanston Mall East Entrance\nCatherine Malabie','2014-09-12 03:15:30','Proximity'),
	(60,0,'Visit registered\nBryanston Mall East Entrance\nCatherine Malabie','2014-09-12 03:16:18','Proximity'),
	(61,0,'Visit registered\nBryanston Mall East Entrance\nCatherine Malabie','2014-09-12 03:17:12','Proximity'),
	(62,0,'Visit registered\nBryanston Mall East Entrance\nCatherine Malabie','2014-09-12 03:18:20','Proximity'),
	(63,0,'Visit registered\nBryanston Mall East Entrance\nCatherine Malabie','2014-09-12 03:19:14','Proximity'),
	(64,0,'Visit registered\nBryanston Mall East Entrance\nCatherine Malabie','2014-09-12 03:20:28','Proximity'),
	(65,0,'Visit registered\nBryanston Mall East Entrance\nCatherine Malabie','2014-09-12 03:21:25','Proximity'),
	(66,0,'Visit registered\nBryanston Mall East Entrance\nCatherine Malabie','2014-09-12 03:22:32','Proximity'),
	(67,0,'Visit registered\nBryanston Mall East Entrance\nCatherine Malabie','2014-09-12 03:23:32','Proximity'),
	(68,0,'Beacon registered on web application\nPecanwood Boat Club - Pecanwood Branch','2015-01-07 11:44:30','Proximity'),
	(69,0,'Beacon registered on web application\nPecanwood Clubhouse - Pecanwood Branch','2015-01-07 11:48:10','Proximity'),
	(70,0,'Beacon registered on web application\nTest Beacon - Pecanwood Branch','2015-01-07 12:01:34','Proximity');

/*!40000 ALTER TABLE `errorStore` ENABLE KEYS */;
UNLOCK TABLES;


# Dump of table errorStoreAndroid
# ------------------------------------------------------------

DROP TABLE IF EXISTS `errorStoreAndroid`;

CREATE TABLE `errorStoreAndroid` (
  `errorStoreAndroidID` int(10) unsigned NOT NULL AUTO_INCREMENT,
  `companyID` int(10) unsigned DEFAULT NULL,
  `errorDate` datetime NOT NULL,
  `packageName` varchar(150) NOT NULL,
  `appVersionName` varchar(10) NOT NULL,
  `appVersionCode` varchar(10) NOT NULL,
  `brand` varchar(100) NOT NULL,
  `phoneModel` varchar(100) NOT NULL,
  `androidVersion` varchar(20) NOT NULL,
  `stackTrace` text NOT NULL,
  `logCat` text NOT NULL,
  PRIMARY KEY (`errorStoreAndroidID`),
  KEY `golfGroupID` (`companyID`)
) ENGINE=InnoDB DEFAULT CHARSET=latin1;

LOCK TABLES `errorStoreAndroid` WRITE;
/*!40000 ALTER TABLE `errorStoreAndroid` DISABLE KEYS */;

INSERT INTO `errorStoreAndroid` (`errorStoreAndroidID`, `companyID`, `errorDate`, `packageName`, `appVersionName`, `appVersionCode`, `brand`, `phoneModel`, `androidVersion`, `stackTrace`, `logCat`)
VALUES
	(1,NULL,'2014-08-13 17:37:07','com.boha.proximity.cms','1.0','1','samsung','GT-I9500','4.4.2','java.lang.RuntimeException: Failure delivering result ResultInfo{who=null, request=731, result=-1, data=Intent { (has extras) }} to activity {com.boha.proximity.cms/com.boha.proximity.cms.CompanyListActivity}: java.lang.IndexOutOfBoundsException: Invalid index 0, size is 0\n	at android.app.ActivityThread.deliverResults(ActivityThread.java:3551)\n	at android.app.ActivityThread.handleSendResult(ActivityThread.java:3594)\n	at android.app.ActivityThread.access$1400(ActivityThread.java:161)\n	at android.app.ActivityThread$H.handleMessage(ActivityThread.java:1313)\n	at android.os.Handler.dispatchMessage(Handler.java:102)\n	at android.os.Looper.loop(Looper.java:157)\n	at android.app.ActivityThread.main(ActivityThread.java:5356)\n	at java.lang.reflect.Method.invokeNative(Native Method)\n	at java.lang.reflect.Method.invoke(Method.java:515)\n	at com.android.internal.os.ZygoteInit$MethodAndArgsCaller.run(ZygoteInit.java:1265)\n	at com.android.internal.os.ZygoteInit.main(ZygoteInit.java:1081)\n	at dalvik.system.NativeStart.main(Native Method)\nCaused by: java.lang.IndexOutOfBoundsException: Invalid index 0, size is 0\n	at java.util.ArrayList.throwIndexOutOfBoundsException(ArrayList.java:255)\n	at java.util.ArrayList.get(ArrayList.java:308)\n	at com.boha.proximity.cms.fragments.CompanyListFragment.setCompanyData(CompanyListFragment.java:74)\n	at com.boha.proximity.cms.CompanyListActivity.onActivityResult(CompanyListActivity.java:150)\n	at android.app.Activity.dispatchActivityResult(Activity.java:5618)\n	at android.app.ActivityThread.deliverResults(ActivityThread.java:3547)\n	... 11 more\njava.lang.IndexOutOfBoundsException: Invalid index 0, size is 0\n	at java.util.ArrayList.throwIndexOutOfBoundsException(ArrayList.java:255)\n	at java.util.ArrayList.get(ArrayList.java:308)\n	at com.boha.proximity.cms.fragments.CompanyListFragment.setCompanyData(CompanyListFragment.java:74)\n	at com.boha.proximity.cms.CompanyListActivity.onActivityResult(CompanyListActivity.java:150)\n	at android.app.Activity.dispatchActivityResult(Activity.java:5618)\n	at android.app.ActivityThread.deliverResults(ActivityThread.java:3547)\n	at android.app.ActivityThread.handleSendResult(ActivityThread.java:3594)\n	at android.app.ActivityThread.access$1400(ActivityThread.java:161)\n	at android.app.ActivityThread$H.handleMessage(ActivityThread.java:1313)\n	at android.os.Handler.dispatchMessage(Handler.java:102)\n	at android.os.Looper.loop(Looper.java:157)\n	at android.app.ActivityThread.main(ActivityThread.java:5356)\n	at java.lang.reflect.Method.invokeNative(Native Method)\n	at java.lang.reflect.Method.invoke(Method.java:515)\n	at com.android.internal.os.ZygoteInit$MethodAndArgsCaller.run(ZygoteInit.java:1265)\n	at com.android.internal.os.ZygoteInit.main(ZygoteInit.java:1081)\n	at dalvik.system.NativeStart.main(Native Method)\n','--------- beginning of /dev/log/main\n08-13 17:36:41.148 D/dalvikvm(24971): Late-enabling CheckJNI\n08-13 17:36:41.273 I/com.boha.proximity.library.ProxiApplication(24971): ***************************** BeaconsApp starting...\n08-13 17:36:41.273 E/BohaVolley(24971): initializing Volley Networking ...\n08-13 17:36:41.313 I/BohaVolley(24971): ********** Yebo! Volley Networking has been initialized, cache size: 32768 KB\n08-13 17:36:41.323 D/ACRA    (24971): ACRA is enabled for com.boha.proximity.cms, intializing...\n08-13 17:36:41.353 D/ACRA    (24971): Looking for error files in /data/data/com.boha.proximity.cms/files\n08-13 17:36:41.353 E/com.boha.proximity.library.ProxiApplication(24971): ###### ACRA Crash Reporting has been initiated\n08-13 17:36:41.363 W/ApplicationPackageManager(24971): getCSCPackageItemText()\n08-13 17:36:41.438 E/BranchListFragment(24971): ##### Fragment hosted by CompanyListActivity\n08-13 17:36:41.483 D/AbsListView(24971): Get MotionRecognitionManager\n08-13 17:36:41.528 W/CompanyListActivity(24971): ########## onResume\n08-13 17:36:41.533 D/AbsListView(24971): onVisibilityChanged() is called, visibility : 4\n08-13 17:36:41.533 D/AbsListView(24971): unregisterIRListener() is called \n08-13 17:36:41.573 D/AbsListView(24971): onVisibilityChanged() is called, visibility : 0\n08-13 17:36:41.573 D/AbsListView(24971): unregisterIRListener() is called \n08-13 17:36:41.583 D/AbsListView(24971): unregisterIRListener() is called \n08-13 17:36:41.738 D/OpenGLRenderer(24971): Enabling debug mode 0\n08-13 17:36:41.748 D/AbsListView(24971): unregisterIRListener() is called \n08-13 17:36:41.773 E/CacheUtil(24971): ################ getting cached data ..................\n08-13 17:36:41.773 E/CacheUtil(24971): ########### doInBackground: getting cached data ....\n08-13 17:36:41.873 D/AbsListView(24971): unregisterIRListener() is called \n08-13 17:36:41.888 D/AbsListView(24971): unregisterIRListener() is called \n08-13 17:36:41.913 W/CacheUtil(24971): #### cached data retrived, companies: 7\n08-13 17:36:41.913 W/CacheUtil(24971): $$$$$$$$$$$$ cached data retrieved\n08-13 17:36:41.978 D/AbsListView(24971): unregisterIRListener() is called \n08-13 17:36:54.733 D/AbsListView(24971): unregisterIRListener() is called \n08-13 17:36:54.733 W/ApplicationPackageManager(24971): getCSCPackageItemText()\n08-13 17:36:54.763 E/BranchListFragment(24971): ##### Fragment hosted by BranchListActivity\n08-13 17:36:54.808 D/dalvikvm(24971): GC_FOR_ALLOC freed 2052K, 17% free 17785K/21328K, paused 29ms, total 29ms\n08-13 17:36:54.808 D/AbsListView(24971): Get MotionRecognitionManager\n08-13 17:36:54.828 D/AbsListView(24971): onVisibilityChanged() is called, visibility : 4\n08-13 17:36:54.828 D/AbsListView(24971): unregisterIRListener() is called \n08-13 17:36:54.833 D/AbsListView(24971): onVisibilityChanged() is called, visibility : 0\n08-13 17:36:54.833 D/AbsListView(24971): unregisterIRListener() is called \n08-13 17:36:54.843 D/AbsListView(24971): unregisterIRListener() is called \n08-13 17:36:55.203 D/AbsListView(24971): unregisterIRListener() is called \n08-13 17:36:55.213 D/AbsListView(24971): unregisterIRListener() is called \n08-13 17:36:55.253 D/AbsListView(24971): unregisterIRListener() is called \n08-13 17:36:55.273 D/AbsListView(24971): unregisterIRListener() is called \n08-13 17:36:55.778 D/AbsListView(24971): onVisibilityChanged() is called, visibility : 4\n08-13 17:36:55.778 D/AbsListView(24971): unregisterIRListener() is called \n08-13 17:36:57.183 D/AbsListView(24971): unregisterIRListener() is called \n08-13 17:36:57.183 W/ApplicationPackageManager(24971): getCSCPackageItemText()\n08-13 17:36:57.208 E/BeaconListFragment(24971): ##### Fragment hosted by BeaconListActivity\n08-13 17:36:57.218 D/AbsListView(24971): Get MotionRecognitionManager\n08-13 17:36:57.253 D/AbsListView(24971): onVisibilityChanged() is called, visibility : 4\n08-13 17:36:57.253 D/AbsListView(24971): unregisterIRListener() is called \n08-13 17:36:57.258 D/AbsListView(24971): onVisibilityChanged() is called, visibility : 0\n08-13 17:36:57.258 D/AbsListView(24971): unregisterIRListener() is called \n08-13 17:36:57.273 D/AbsListView(24971): unregisterIRListener() is called \n08-13 17:36:57.398 D/AbsListView(24971): unregisterIRListener() is called \n08-13 17:36:57.418 D/AbsListView(24971): unregisterIRListener() is called \n08-13 17:36:57.463 D/AbsListView(24971): unregisterIRListener() is called \n08-13 17:36:57.493 D/AbsListView(24971): unregisterIRListener() is called \n08-13 17:36:57.993 D/AbsListView(24971): onVisibilityChanged() is called, visibility : 4\n08-13 17:36:57.993 D/AbsListView(24971): unregisterIRListener() is called \n08-13 17:37:07.863 W/BaseVolley(24971): getRemoteData requestQueue is null, getting it ...: \n08-13 17:37:07.883 I/BaseVolley(24971): ...sending remote request: ....size: 139...>\n08-13 17:37:07.883 I/BaseVolley(24971): http://192.168.1.111:8050/proximity/admin?JSON={\"companyID\":0,\"branchID\":0,\"beaconID\":0,\"requestType\":33}\n08-13 17:37:07.883 I/BohaRequest(24971): ...Cloud Server communication started ...\n08-13 17:37:07.888 D/AbsListView(24971): onVisibilityChanged() is called, visibility : 0\n08-13 17:37:07.888 D/AbsListView(24971): unregisterIRListener() is called \n08-13 17:37:07.923 D/dalvikvm(24971): GC_FOR_ALLOC freed 481K, 15% free 18141K/21328K, paused 27ms, total 27ms\n08-13 17:37:07.973 D/AbsListView(24971): unregisterIRListener() is called \n08-13 17:37:07.983 D/AbsListView(24971): unregisterIRListener() is called \n08-13 17:37:08.003 I/System.out(24971): Thread-38747(HTTPLog):SmartBonding Enabling is false, log to file is false, DBG is false\n08-13 17:37:08.063 I/BohaRequest(24971): response string length returned: 49\n08-13 17:37:08.088 E/BaseVolley(24971): Yup! ...response object received, status code: 0\n08-13 17:37:08.093 E/CacheUtil(24971): ######### data has been cached\n08-13 17:37:08.483 D/AbsListView(24971): onDetachedFromWindow\n08-13 17:37:08.483 D/AbsListView(24971): unregisterIRListener() is called \n08-13 17:37:08.928 D/AndroidRuntime(24971): Shutting down VM\n08-13 17:37:08.928 W/dalvikvm(24971): threadid=1: thread exiting with uncaught exception (group=0x417fcc08)\n08-13 17:37:08.928 E/ACRA    (24971): ACRA caught a RuntimeException exception for com.boha.proximity.cms. Building report.\n08-13 17:37:08.928 D/ACRA    (24971): Using custom Report Fields\n08-13 17:37:08.938 I/ACRA    (24971): READ_LOGS granted! ACRA can include LogCat and DropBox data.\n08-13 17:37:08.958 D/ACRA    (24971): Retrieving logcat output...\n'),
	(2,NULL,'2014-08-13 17:38:16','com.boha.proximity.cms','1.0','1','samsung','GT-I9500','4.4.2','java.lang.RuntimeException: An error occured while executing doInBackground()\n	at android.os.AsyncTask$3.done(AsyncTask.java:300)\n	at java.util.concurrent.FutureTask.finishCompletion(FutureTask.java:355)\n	at java.util.concurrent.FutureTask.setException(FutureTask.java:222)\n	at java.util.concurrent.FutureTask.run(FutureTask.java:242)\n	at android.os.AsyncTask$SerialExecutor$1.run(AsyncTask.java:231)\n	at java.util.concurrent.ThreadPoolExecutor.runWorker(ThreadPoolExecutor.java:1112)\n	at java.util.concurrent.ThreadPoolExecutor$Worker.run(ThreadPoolExecutor.java:587)\n	at java.lang.Thread.run(Thread.java:841)\nCaused by: java.lang.NullPointerException\n	at com.boha.proximity.util.CacheUtil$CacheRetrieveTask.doInBackground(CacheUtil.java:116)\n	at com.boha.proximity.util.CacheUtil$CacheRetrieveTask.doInBackground(CacheUtil.java:94)\n	at android.os.AsyncTask$2.call(AsyncTask.java:288)\n	at java.util.concurrent.FutureTask.run(FutureTask.java:237)\n	... 4 more\njava.lang.NullPointerException\n	at com.boha.proximity.util.CacheUtil$CacheRetrieveTask.doInBackground(CacheUtil.java:116)\n	at com.boha.proximity.util.CacheUtil$CacheRetrieveTask.doInBackground(CacheUtil.java:94)\n	at android.os.AsyncTask$2.call(AsyncTask.java:288)\n	at java.util.concurrent.FutureTask.run(FutureTask.java:237)\n	at android.os.AsyncTask$SerialExecutor$1.run(AsyncTask.java:231)\n	at java.util.concurrent.ThreadPoolExecutor.runWorker(ThreadPoolExecutor.java:1112)\n	at java.util.concurrent.ThreadPoolExecutor$Worker.run(ThreadPoolExecutor.java:587)\n	at java.lang.Thread.run(Thread.java:841)\n','--------- beginning of /dev/log/main\n08-13 17:38:17.343 D/dalvikvm(25619): Late-enabling CheckJNI\n08-13 17:38:17.453 I/com.boha.proximity.library.ProxiApplication(25619): ***************************** BeaconsApp starting...\n08-13 17:38:17.453 E/BohaVolley(25619): initializing Volley Networking ...\n08-13 17:38:17.468 I/BohaVolley(25619): ********** Yebo! Volley Networking has been initialized, cache size: 32768 KB\n08-13 17:38:17.473 D/ACRA    (25619): ACRA is enabled for com.boha.proximity.cms, intializing...\n08-13 17:38:17.528 D/ACRA    (25619): Looking for error files in /data/data/com.boha.proximity.cms/files\n08-13 17:38:17.558 E/com.boha.proximity.library.ProxiApplication(25619): ###### ACRA Crash Reporting has been initiated\n08-13 17:38:17.573 W/ApplicationPackageManager(25619): getCSCPackageItemText()\n08-13 17:38:17.638 E/BranchListFragment(25619): ##### Fragment hosted by CompanyListActivity\n08-13 17:38:17.668 D/AbsListView(25619): Get MotionRecognitionManager\n08-13 17:38:17.693 W/CompanyListActivity(25619): ########## onResume\n08-13 17:38:17.708 D/AbsListView(25619): onVisibilityChanged() is called, visibility : 4\n08-13 17:38:17.708 D/AbsListView(25619): unregisterIRListener() is called \n08-13 17:38:17.758 D/AbsListView(25619): onVisibilityChanged() is called, visibility : 0\n08-13 17:38:17.758 D/AbsListView(25619): unregisterIRListener() is called \n08-13 17:38:17.773 D/AbsListView(25619): unregisterIRListener() is called \n08-13 17:38:17.908 D/OpenGLRenderer(25619): Enabling debug mode 0\n08-13 17:38:17.918 D/AbsListView(25619): unregisterIRListener() is called \n08-13 17:38:17.973 D/AbsListView(25619): unregisterIRListener() is called \n08-13 17:38:18.013 E/CacheUtil(25619): ################ getting cached data ..................\n08-13 17:38:18.018 E/CacheUtil(25619): ########### doInBackground: getting cached data ....\n08-13 17:38:18.058 D/AbsListView(25619): unregisterIRListener() is called \n08-13 17:38:18.303 W/dalvikvm(25619): threadid=21: thread exiting with uncaught exception (group=0x417fcc08)\n08-13 17:38:18.303 E/ACRA    (25619): ACRA caught a RuntimeException exception for com.boha.proximity.cms. Building report.\n08-13 17:38:18.303 D/ACRA    (25619): Using custom Report Fields\n08-13 17:38:18.328 I/ACRA    (25619): READ_LOGS granted! ACRA can include LogCat and DropBox data.\n08-13 17:38:18.348 D/ACRA    (25619): Retrieving logcat output...\n'),
	(3,NULL,'2014-08-13 17:43:13','com.boha.proximity.cms','1.0','1','samsung','GT-I9500','4.4.2','java.lang.RuntimeException: Failure delivering result ResultInfo{who=null, request=731, result=-1, data=Intent { (has extras) }} to activity {com.boha.proximity.cms/com.boha.proximity.cms.CompanyListActivity}: java.lang.IndexOutOfBoundsException: Invalid index 0, size is 0\n	at android.app.ActivityThread.deliverResults(ActivityThread.java:3551)\n	at android.app.ActivityThread.handleSendResult(ActivityThread.java:3594)\n	at android.app.ActivityThread.access$1400(ActivityThread.java:161)\n	at android.app.ActivityThread$H.handleMessage(ActivityThread.java:1313)\n	at android.os.Handler.dispatchMessage(Handler.java:102)\n	at android.os.Looper.loop(Looper.java:157)\n	at android.app.ActivityThread.main(ActivityThread.java:5356)\n	at java.lang.reflect.Method.invokeNative(Native Method)\n	at java.lang.reflect.Method.invoke(Method.java:515)\n	at com.android.internal.os.ZygoteInit$MethodAndArgsCaller.run(ZygoteInit.java:1265)\n	at com.android.internal.os.ZygoteInit.main(ZygoteInit.java:1081)\n	at dalvik.system.NativeStart.main(Native Method)\nCaused by: java.lang.IndexOutOfBoundsException: Invalid index 0, size is 0\n	at java.util.ArrayList.throwIndexOutOfBoundsException(ArrayList.java:255)\n	at java.util.ArrayList.get(ArrayList.java:308)\n	at com.boha.proximity.cms.fragments.CompanyListFragment.setCompanyData(CompanyListFragment.java:75)\n	at com.boha.proximity.cms.CompanyListActivity.onActivityResult(CompanyListActivity.java:150)\n	at android.app.Activity.dispatchActivityResult(Activity.java:5618)\n	at android.app.ActivityThread.deliverResults(ActivityThread.java:3547)\n	... 11 more\njava.lang.IndexOutOfBoundsException: Invalid index 0, size is 0\n	at java.util.ArrayList.throwIndexOutOfBoundsException(ArrayList.java:255)\n	at java.util.ArrayList.get(ArrayList.java:308)\n	at com.boha.proximity.cms.fragments.CompanyListFragment.setCompanyData(CompanyListFragment.java:75)\n	at com.boha.proximity.cms.CompanyListActivity.onActivityResult(CompanyListActivity.java:150)\n	at android.app.Activity.dispatchActivityResult(Activity.java:5618)\n	at android.app.ActivityThread.deliverResults(ActivityThread.java:3547)\n	at android.app.ActivityThread.handleSendResult(ActivityThread.java:3594)\n	at android.app.ActivityThread.access$1400(ActivityThread.java:161)\n	at android.app.ActivityThread$H.handleMessage(ActivityThread.java:1313)\n	at android.os.Handler.dispatchMessage(Handler.java:102)\n	at android.os.Looper.loop(Looper.java:157)\n	at android.app.ActivityThread.main(ActivityThread.java:5356)\n	at java.lang.reflect.Method.invokeNative(Native Method)\n	at java.lang.reflect.Method.invoke(Method.java:515)\n	at com.android.internal.os.ZygoteInit$MethodAndArgsCaller.run(ZygoteInit.java:1265)\n	at com.android.internal.os.ZygoteInit.main(ZygoteInit.java:1081)\n	at dalvik.system.NativeStart.main(Native Method)\n','08-13 17:42:21.318 I/BohaRequest(26251): response string length returned: 5390\n08-13 17:42:21.403 E/BaseVolley(26251): Yup! ...response object received, status code: 0\n08-13 17:42:21.473 E/CacheUtil(26251): ######### data has been cached\n08-13 17:42:21.508 D/AbsListView(26251): unregisterIRListener() is called \n08-13 17:42:27.778 D/AbsListView(26251): unregisterIRListener() is called \n08-13 17:42:27.778 W/ApplicationPackageManager(26251): getCSCPackageItemText()\n08-13 17:42:27.803 E/BranchListFragment(26251): ##### Fragment hosted by BranchListActivity\n08-13 17:42:27.818 D/AbsListView(26251): Get MotionRecognitionManager\n08-13 17:42:27.833 D/AbsListView(26251): onVisibilityChanged() is called, visibility : 4\n08-13 17:42:27.833 D/AbsListView(26251): unregisterIRListener() is called \n08-13 17:42:27.838 D/AbsListView(26251): onVisibilityChanged() is called, visibility : 0\n08-13 17:42:27.838 D/AbsListView(26251): unregisterIRListener() is called \n08-13 17:42:27.853 D/AbsListView(26251): unregisterIRListener() is called \n08-13 17:42:27.998 D/AbsListView(26251): unregisterIRListener() is called \n08-13 17:42:28.013 D/AbsListView(26251): unregisterIRListener() is called \n08-13 17:42:28.058 D/AbsListView(26251): unregisterIRListener() is called \n08-13 17:42:28.088 D/AbsListView(26251): unregisterIRListener() is called \n08-13 17:42:28.608 D/AbsListView(26251): onVisibilityChanged() is called, visibility : 4\n08-13 17:42:28.608 D/AbsListView(26251): unregisterIRListener() is called \n08-13 17:42:30.743 D/AbsListView(26251): unregisterIRListener() is called \n08-13 17:42:30.743 W/ApplicationPackageManager(26251): getCSCPackageItemText()\n08-13 17:42:30.768 E/BeaconListFragment(26251): ##### Fragment hosted by BeaconListActivity\n08-13 17:42:30.773 D/AbsListView(26251): Get MotionRecognitionManager\n08-13 17:42:30.783 D/AbsListView(26251): onVisibilityChanged() is called, visibility : 4\n08-13 17:42:30.783 D/AbsListView(26251): unregisterIRListener() is called \n08-13 17:42:30.788 D/AbsListView(26251): onVisibilityChanged() is called, visibility : 0\n08-13 17:42:30.788 D/AbsListView(26251): unregisterIRListener() is called \n08-13 17:42:30.788 D/AbsListView(26251): unregisterIRListener() is called \n08-13 17:42:30.883 D/AbsListView(26251): unregisterIRListener() is called \n08-13 17:42:30.898 D/AbsListView(26251): unregisterIRListener() is called \n08-13 17:42:30.943 D/AbsListView(26251): unregisterIRListener() is called \n08-13 17:42:30.968 D/AbsListView(26251): unregisterIRListener() is called \n08-13 17:42:31.403 D/AbsListView(26251): onVisibilityChanged() is called, visibility : 4\n08-13 17:42:31.403 D/AbsListView(26251): unregisterIRListener() is called \n08-13 17:42:33.873 D/AbsListView(26251): unregisterIRListener() is called \n08-13 17:42:33.873 W/ApplicationPackageManager(26251): getCSCPackageItemText()\n08-13 17:42:33.913 D/BeaconImageGridFragment(26251): ##### Fragment hosted by BeaconImageGridActivity\n08-13 17:42:33.928 D/AbsListView(26251): Get MotionRecognitionManager\n08-13 17:42:33.943 D/AbsListView(26251): onVisibilityChanged() is called, visibility : 4\n08-13 17:42:33.943 D/AbsListView(26251): unregisterIRListener() is called \n08-13 17:42:33.948 D/AbsListView(26251): onVisibilityChanged() is called, visibility : 0\n08-13 17:42:33.948 D/AbsListView(26251): unregisterIRListener() is called \n08-13 17:42:33.958 D/AbsListView(26251): unregisterIRListener() is called \n08-13 17:42:34.008 D/dalvikvm(26251): GC_FOR_ALLOC freed 1531K, 15% free 18251K/21276K, paused 33ms, total 33ms\n08-13 17:42:34.018 I/dalvikvm-heap(26251): Grow heap (frag case) to 22.354MB for 3225616-byte allocation\n08-13 17:42:34.043 D/dalvikvm(26251): GC_FOR_ALLOC freed 61K, 13% free 21340K/24428K, paused 22ms, total 22ms\n08-13 17:42:34.048 W/Settings(26251): Setting airplane_mode_on has moved from android.provider.Settings.System to android.provider.Settings.Global, returning read-only value.\n08-13 17:42:34.128 D/dalvikvm(26251): GC_FOR_ALLOC freed 3378K, 15% free 18256K/21276K, paused 26ms, total 26ms\n08-13 17:42:34.163 D/dalvikvm(26251): GC_FOR_ALLOC freed 89K, 14% free 19575K/22528K, paused 22ms, total 22ms\n08-13 17:42:34.183 D/AbsListView(26251): unregisterIRListener() is called \n08-13 17:42:34.218 D/AbsListView(26251): unregisterIRListener() is called \n08-13 17:42:34.253 D/dalvikvm(26251): GC_FOR_ALLOC freed 4949K, 27% free 20794K/28320K, paused 23ms, total 23ms\n08-13 17:42:34.273 D/AbsListView(26251): unregisterIRListener() is called \n08-13 17:42:34.293 D/AbsListView(26251): unregisterIRListener() is called \n08-13 17:42:34.443 D/AbsListView(26251): unregisterIRListener() is called \n08-13 17:42:34.853 D/AbsListView(26251): onVisibilityChanged() is called, visibility : 4\n08-13 17:42:34.853 D/AbsListView(26251): unregisterIRListener() is called \n08-13 17:42:39.313 D/dalvikvm(26251): GC_FOR_ALLOC freed 1503K, 27% free 20777K/28320K, paused 26ms, total 26ms\n08-13 17:42:39.313 I/dalvikvm-heap(26251): Grow heap (frag case) to 24.821MB for 3225616-byte allocation\n08-13 17:42:39.338 D/dalvikvm(26251): GC_FOR_ALLOC freed 3K, 16% free 23923K/28320K, paused 20ms, total 20ms\n08-13 17:42:39.498 D/AbsListView(26251): unregisterIRListener() is called \n08-13 17:42:40.898 W/WebCheck(26251): ###### WIFI AVAILABLE on check\n08-13 17:42:40.898 W/WebCheck(26251): ###### WIFI CONNECTED on check\n08-13 17:42:40.898 W/WebCheck(26251): ###### MOBILE_NETWORK AVAILABLE on check\n08-13 17:42:40.898 D/WebCheck(26251): @@@ MOBILE_NETWORK NOT CONNECTED on check\n08-13 17:42:40.898 D/WebCheck(26251): ###### Network check completed in 1 ms\n08-13 17:42:40.898 E/BaseVolley(26251): ********** getRemoteData requestQueue is NOT NULL - Kool\n08-13 17:42:40.913 I/BaseVolley(26251): ...sending remote request: ....size: 184...>\n08-13 17:42:40.913 I/BaseVolley(26251): http://192.168.1.111:8050/proximity/admin?JSON={\"fileName\":\"f1406651390847.jpg\",\"companyID\":8,\"branchID\":2,\"beaconID\":11,\"requestType\":21}\n08-13 17:42:40.913 I/BohaRequest(26251): ...Cloud Server communication started ...\n08-13 17:42:40.943 I/BohaRequest(26251): response string length returned: 56\n08-13 17:42:40.983 D/AbsListView(26251): unregisterIRListener() is called \n08-13 17:42:40.993 D/AbsListView(26251): unregisterIRListener() is called \n08-13 17:42:41.003 E/ViewRootImpl(26251): sendUserActionEvent() mView == null\n08-13 17:42:41.008 E/BaseVolley(26251): Yup! ...response object received, status code: 0\n08-13 17:42:41.008 E/ImageDeleteDialog(26251): f1406651390847.jpg deleted\n08-13 17:42:41.268 D/AbsListView(26251): unregisterIRListener() is called \n08-13 17:43:04.438 D/AbsListView(26251): onVisibilityChanged() is called, visibility : 0\n08-13 17:43:04.438 D/AbsListView(26251): unregisterIRListener() is called \n08-13 17:43:04.488 D/AbsListView(26251): unregisterIRListener() is called \n08-13 17:43:04.588 D/AbsListView(26251): unregisterIRListener() is called \n08-13 17:43:04.998 D/AbsListView(26251): onDetachedFromWindow\n08-13 17:43:04.998 D/AbsListView(26251): unregisterIRListener() is called \n08-13 17:43:12.913 E/BaseVolley(26251): ********** getRemoteData requestQueue is NOT NULL - Kool\n08-13 17:43:12.923 I/BaseVolley(26251): ...sending remote request: ....size: 139...>\n08-13 17:43:12.923 I/BaseVolley(26251): http://192.168.1.111:8050/proximity/admin?JSON={\"companyID\":0,\"branchID\":0,\"beaconID\":0,\"requestType\":33}\n08-13 17:43:12.923 I/BohaRequest(26251): ...Cloud Server communication started ...\n08-13 17:43:12.928 D/AbsListView(26251): onVisibilityChanged() is called, visibility : 0\n08-13 17:43:12.928 D/AbsListView(26251): unregisterIRListener() is called \n08-13 17:43:12.983 I/BohaRequest(26251): response string length returned: 49\n08-13 17:43:12.998 D/AbsListView(26251): unregisterIRListener() is called \n08-13 17:43:13.013 D/AbsListView(26251): unregisterIRListener() is called \n08-13 17:43:13.063 E/BaseVolley(26251): Yup! ...response object received, status code: 0\n08-13 17:43:13.513 D/AbsListView(26251): onDetachedFromWindow\n08-13 17:43:13.513 D/AbsListView(26251): unregisterIRListener() is called \n08-13 17:43:15.123 D/AndroidRuntime(26251): Shutting down VM\n08-13 17:43:15.123 W/dalvikvm(26251): threadid=1: thread exiting with uncaught exception (group=0x417fcc08)\n08-13 17:43:15.123 E/ACRA    (26251): ACRA caught a RuntimeException exception for com.boha.proximity.cms. Building report.\n08-13 17:43:15.128 D/ACRA    (26251): Using custom Report Fields\n08-13 17:43:15.143 I/ACRA    (26251): READ_LOGS granted! ACRA can include LogCat and DropBox data.\n'),
	(4,NULL,'2014-08-13 18:10:41','com.boha.proximity.cms','1.0','1','samsung','GT-I9500','4.4.2','java.lang.RuntimeException: Unable to start activity ComponentInfo{com.boha.proximity.cms/com.boha.proximity.cms.BeaconListActivity}: java.lang.NullPointerException\n	at android.app.ActivityThread.performLaunchActivity(ActivityThread.java:2305)\n	at android.app.ActivityThread.handleLaunchActivity(ActivityThread.java:2363)\n	at android.app.ActivityThread.access$900(ActivityThread.java:161)\n	at android.app.ActivityThread$H.handleMessage(ActivityThread.java:1265)\n	at android.os.Handler.dispatchMessage(Handler.java:102)\n	at android.os.Looper.loop(Looper.java:157)\n	at android.app.ActivityThread.main(ActivityThread.java:5356)\n	at java.lang.reflect.Method.invokeNative(Native Method)\n	at java.lang.reflect.Method.invoke(Method.java:515)\n	at com.android.internal.os.ZygoteInit$MethodAndArgsCaller.run(ZygoteInit.java:1265)\n	at com.android.internal.os.ZygoteInit.main(ZygoteInit.java:1081)\n	at dalvik.system.NativeStart.main(Native Method)\nCaused by: java.lang.NullPointerException\n	at com.boha.proximity.cms.fragments.BeaconListFragment.setBranch(BeaconListFragment.java:97)\n	at com.boha.proximity.cms.BeaconListActivity.onCreate(BeaconListActivity.java:25)\n	at android.app.Activity.performCreate(Activity.java:5426)\n	at android.app.Instrumentation.callActivityOnCreate(Instrumentation.java:1105)\n	at android.app.ActivityThread.performLaunchActivity(ActivityThread.java:2269)\n	... 11 more\njava.lang.NullPointerException\n	at com.boha.proximity.cms.fragments.BeaconListFragment.setBranch(BeaconListFragment.java:97)\n	at com.boha.proximity.cms.BeaconListActivity.onCreate(BeaconListActivity.java:25)\n	at android.app.Activity.performCreate(Activity.java:5426)\n	at android.app.Instrumentation.callActivityOnCreate(Instrumentation.java:1105)\n	at android.app.ActivityThread.performLaunchActivity(ActivityThread.java:2269)\n	at android.app.ActivityThread.handleLaunchActivity(ActivityThread.java:2363)\n	at android.app.ActivityThread.access$900(ActivityThread.java:161)\n	at android.app.ActivityThread$H.handleMessage(ActivityThread.java:1265)\n	at android.os.Handler.dispatchMessage(Handler.java:102)\n	at android.os.Looper.loop(Looper.java:157)\n	at android.app.ActivityThread.main(ActivityThread.java:5356)\n	at java.lang.reflect.Method.invokeNative(Native Method)\n	at java.lang.reflect.Method.invoke(Method.java:515)\n	at com.android.internal.os.ZygoteInit$MethodAndArgsCaller.run(ZygoteInit.java:1265)\n	at com.android.internal.os.ZygoteInit.main(ZygoteInit.java:1081)\n	at dalvik.system.NativeStart.main(Native Method)\n','08-13 18:09:44.658 D/AbsListView(28688): onVisibilityChanged() is called, visibility : 4\n08-13 18:09:44.658 D/AbsListView(28688): unregisterIRListener() is called \n08-13 18:09:44.663 D/AbsListView(28688): onVisibilityChanged() is called, visibility : 0\n08-13 18:09:44.663 D/AbsListView(28688): unregisterIRListener() is called \n08-13 18:09:44.673 D/AbsListView(28688): unregisterIRListener() is called \n08-13 18:09:44.813 D/AbsListView(28688): unregisterIRListener() is called \n08-13 18:09:44.828 D/AbsListView(28688): unregisterIRListener() is called \n08-13 18:09:44.868 D/AbsListView(28688): unregisterIRListener() is called \n08-13 18:09:44.893 D/AbsListView(28688): unregisterIRListener() is called \n08-13 18:09:45.383 D/AbsListView(28688): onVisibilityChanged() is called, visibility : 4\n08-13 18:09:45.383 D/AbsListView(28688): unregisterIRListener() is called \n08-13 18:09:47.088 D/AbsListView(28688): unregisterIRListener() is called \n08-13 18:09:47.093 W/ApplicationPackageManager(28688): getCSCPackageItemText()\n08-13 18:09:47.118 E/BeaconListFragment(28688): ##### Fragment hosted by BeaconListActivity\n08-13 18:09:47.128 D/AbsListView(28688): Get MotionRecognitionManager\n08-13 18:09:47.143 D/AbsListView(28688): onVisibilityChanged() is called, visibility : 4\n08-13 18:09:47.143 D/AbsListView(28688): unregisterIRListener() is called \n08-13 18:09:47.148 D/AbsListView(28688): onVisibilityChanged() is called, visibility : 0\n08-13 18:09:47.148 D/AbsListView(28688): unregisterIRListener() is called \n08-13 18:09:47.153 D/AbsListView(28688): unregisterIRListener() is called \n08-13 18:09:47.258 D/dalvikvm(28688): GC_FOR_ALLOC freed 1673K, 15% free 18163K/21328K, paused 25ms, total 25ms\n08-13 18:09:47.298 D/AbsListView(28688): unregisterIRListener() is called \n08-13 18:09:47.308 D/AbsListView(28688): unregisterIRListener() is called \n08-13 18:09:47.348 D/AbsListView(28688): unregisterIRListener() is called \n08-13 18:09:47.368 D/AbsListView(28688): unregisterIRListener() is called \n08-13 18:09:47.908 D/AbsListView(28688): onVisibilityChanged() is called, visibility : 4\n08-13 18:09:47.908 D/AbsListView(28688): unregisterIRListener() is called \n08-13 18:09:50.408 D/AbsListView(28688): unregisterIRListener() is called \n08-13 18:09:50.408 W/ApplicationPackageManager(28688): getCSCPackageItemText()\n08-13 18:09:50.453 D/BeaconImageGridFragment(28688): ##### Fragment hosted by BeaconImageGridActivity\n08-13 18:09:50.463 D/AbsListView(28688): Get MotionRecognitionManager\n08-13 18:09:50.478 D/AbsListView(28688): onVisibilityChanged() is called, visibility : 4\n08-13 18:09:50.478 D/AbsListView(28688): unregisterIRListener() is called \n08-13 18:09:50.483 D/AbsListView(28688): onVisibilityChanged() is called, visibility : 0\n08-13 18:09:50.483 D/AbsListView(28688): unregisterIRListener() is called \n08-13 18:09:50.493 D/AbsListView(28688): unregisterIRListener() is called \n08-13 18:09:50.518 D/dalvikvm(28688): GC_FOR_ALLOC freed 419K, 15% free 18192K/21328K, paused 18ms, total 18ms\n08-13 18:09:50.528 I/dalvikvm-heap(28688): Grow heap (frag case) to 22.296MB for 3225616-byte allocation\n08-13 18:09:50.553 D/dalvikvm(28688): GC_FOR_ALLOC freed 7K, 13% free 21335K/24480K, paused 22ms, total 22ms\n08-13 18:09:50.558 W/Settings(28688): Setting airplane_mode_on has moved from android.provider.Settings.System to android.provider.Settings.Global, returning read-only value.\n08-13 18:09:50.653 D/dalvikvm(28688): GC_FOR_ALLOC freed 3239K, 15% free 18266K/21328K, paused 39ms, total 39ms\n08-13 18:09:50.688 D/dalvikvm(28688): GC_FOR_ALLOC freed 62K, 14% free 19573K/22580K, paused 18ms, total 19ms\n08-13 18:09:50.703 D/AbsListView(28688): unregisterIRListener() is called \n08-13 18:09:50.723 D/AbsListView(28688): unregisterIRListener() is called \n08-13 18:09:50.763 D/AbsListView(28688): unregisterIRListener() is called \n08-13 18:09:50.778 D/AbsListView(28688): unregisterIRListener() is called \n08-13 18:09:51.018 D/AbsListView(28688): unregisterIRListener() is called \n08-13 18:09:51.348 D/AbsListView(28688): onVisibilityChanged() is called, visibility : 4\n08-13 18:09:51.348 D/AbsListView(28688): unregisterIRListener() is called \n08-13 18:09:53.573 D/AbsListView(28688): unregisterIRListener() is called \n08-13 18:09:55.098 D/dalvikvm(28688): GC_FOR_ALLOC freed 5078K, 26% free 22069K/29624K, paused 25ms, total 25ms\n08-13 18:09:55.098 I/dalvikvm-heap(28688): Grow heap (frag case) to 26.083MB for 3225616-byte allocation\n08-13 18:09:55.123 D/dalvikvm(28688): GC_FOR_ALLOC freed 4K, 15% free 25215K/29624K, paused 22ms, total 22ms\n08-13 18:09:55.278 D/AbsListView(28688): unregisterIRListener() is called \n08-13 18:09:57.873 W/WebCheck(28688): ###### WIFI AVAILABLE on check\n08-13 18:09:57.873 W/WebCheck(28688): ###### WIFI CONNECTED on check\n08-13 18:09:57.873 W/WebCheck(28688): ###### MOBILE_NETWORK AVAILABLE on check\n08-13 18:09:57.873 D/WebCheck(28688): @@@ MOBILE_NETWORK NOT CONNECTED on check\n08-13 18:09:57.873 D/WebCheck(28688): ###### Network check completed in 1 ms\n08-13 18:09:57.873 E/BaseVolley(28688): ********** getRemoteData requestQueue is NOT NULL - Kool\n08-13 18:09:57.883 I/BaseVolley(28688): ...sending remote request: ....size: 184...>\n08-13 18:09:57.883 I/BaseVolley(28688): http://192.168.1.111:8050/proximity/admin?JSON={\"fileName\":\"f1406493801512.jpg\",\"companyID\":8,\"branchID\":2,\"beaconID\":11,\"requestType\":21}\n08-13 18:09:57.883 I/BohaRequest(28688): ...Cloud Server communication started ...\n08-13 18:09:57.933 I/BohaRequest(28688): response string length returned: 56\n08-13 18:09:57.963 D/AbsListView(28688): unregisterIRListener() is called \n08-13 18:09:57.973 D/AbsListView(28688): unregisterIRListener() is called \n08-13 18:09:57.978 E/ViewRootImpl(28688): sendUserActionEvent() mView == null\n08-13 18:09:57.983 E/BaseVolley(28688): Yup! ...response object received, status code: 0\n08-13 18:09:57.983 E/ImageDeleteDialog(28688): f1406493801512.jpg deleted\n08-13 18:09:58.253 D/AbsListView(28688): unregisterIRListener() is called \n08-13 18:10:18.648 D/AbsListView(28688): unregisterIRListener() is called \n08-13 18:10:23.693 W/WebCheck(28688): ###### WIFI AVAILABLE on check\n08-13 18:10:23.693 W/WebCheck(28688): ###### WIFI CONNECTED on check\n08-13 18:10:23.693 W/WebCheck(28688): ###### MOBILE_NETWORK AVAILABLE on check\n08-13 18:10:23.693 D/WebCheck(28688): @@@ MOBILE_NETWORK NOT CONNECTED on check\n08-13 18:10:23.693 D/WebCheck(28688): ###### Network check completed in 1 ms\n08-13 18:10:23.693 E/BaseVolley(28688): ********** getRemoteData requestQueue is NOT NULL - Kool\n08-13 18:10:23.703 I/BaseVolley(28688): ...sending remote request: ....size: 184...>\n08-13 18:10:23.703 I/BaseVolley(28688): http://192.168.1.111:8050/proximity/admin?JSON={\"fileName\":\"f1406489855036.jpg\",\"companyID\":8,\"branchID\":2,\"beaconID\":11,\"requestType\":21}\n08-13 18:10:23.703 I/BohaRequest(28688): ...Cloud Server communication started ...\n08-13 18:10:23.738 I/BohaRequest(28688): response string length returned: 56\n08-13 18:10:23.778 D/AbsListView(28688): unregisterIRListener() is called \n08-13 18:10:23.788 E/ViewRootImpl(28688): sendUserActionEvent() mView == null\n08-13 18:10:23.793 D/AbsListView(28688): unregisterIRListener() is called \n08-13 18:10:23.808 E/BaseVolley(28688): Yup! ...response object received, status code: 0\n08-13 18:10:23.808 E/ImageDeleteDialog(28688): f1406489855036.jpg deleted\n08-13 18:10:23.833 D/dalvikvm(28688): GC_FOR_ALLOC freed 3980K, 21% free 23444K/29624K, paused 24ms, total 24ms\n08-13 18:10:24.098 D/AbsListView(28688): unregisterIRListener() is called \n08-13 18:10:43.338 D/AbsListView(28688): unregisterIRListener() is called \n08-13 18:10:43.338 D/AbsListView(28688): onDetachedFromWindow\n08-13 18:10:43.338 D/AbsListView(28688): unregisterIRListener() is called \n08-13 18:10:43.373 W/ApplicationPackageManager(28688): getCSCPackageItemText()\n08-13 18:10:43.413 E/BeaconListFragment(28688): ##### Fragment hosted by BeaconListActivity\n08-13 18:10:43.423 D/AbsListView(28688): Get MotionRecognitionManager\n08-13 18:10:43.433 D/AndroidRuntime(28688): Shutting down VM\n08-13 18:10:43.433 W/dalvikvm(28688): threadid=1: thread exiting with uncaught exception (group=0x417fcc08)\n08-13 18:10:43.433 E/ACRA    (28688): ACRA caught a RuntimeException exception for com.boha.proximity.cms. Building report.\n08-13 18:10:43.433 D/ACRA    (28688): Using custom Report Fields\n08-13 18:10:43.443 I/ACRA    (28688): READ_LOGS granted! ACRA can include LogCat and DropBox data.\n08-13 18:10:43.468 D/ACRA    (28688): Retrieving logcat output...\n'),
	(5,NULL,'2014-08-13 18:16:27','com.boha.proximity.cms','1.0','1','samsung','GT-I9500','4.4.2','java.lang.RuntimeException: Failure delivering result ResultInfo{who=null, request=313, result=-1, data=Intent { (has extras) }} to activity {com.boha.proximity.cms/com.boha.proximity.cms.BeaconListActivity}: java.util.ConcurrentModificationException\n	at android.app.ActivityThread.deliverResults(ActivityThread.java:3551)\n	at android.app.ActivityThread.handleSendResult(ActivityThread.java:3594)\n	at android.app.ActivityThread.access$1400(ActivityThread.java:161)\n	at android.app.ActivityThread$H.handleMessage(ActivityThread.java:1313)\n	at android.os.Handler.dispatchMessage(Handler.java:102)\n	at android.os.Looper.loop(Looper.java:157)\n	at android.app.ActivityThread.main(ActivityThread.java:5356)\n	at java.lang.reflect.Method.invokeNative(Native Method)\n	at java.lang.reflect.Method.invoke(Method.java:515)\n	at com.android.internal.os.ZygoteInit$MethodAndArgsCaller.run(ZygoteInit.java:1265)\n	at com.android.internal.os.ZygoteInit.main(ZygoteInit.java:1081)\n	at dalvik.system.NativeStart.main(Native Method)\nCaused by: java.util.ConcurrentModificationException\n	at java.util.ArrayList$ArrayListIterator.next(ArrayList.java:573)\n	at com.boha.proximity.cms.fragments.BeaconListFragment.updateImageFiles(BeaconListFragment.java:73)\n	at com.boha.proximity.cms.BeaconListActivity.onActivityResult(BeaconListActivity.java:97)\n	at android.app.Activity.dispatchActivityResult(Activity.java:5618)\n	at android.app.ActivityThread.deliverResults(ActivityThread.java:3547)\n	... 11 more\njava.util.ConcurrentModificationException\n	at java.util.ArrayList$ArrayListIterator.next(ArrayList.java:573)\n	at com.boha.proximity.cms.fragments.BeaconListFragment.updateImageFiles(BeaconListFragment.java:73)\n	at com.boha.proximity.cms.BeaconListActivity.onActivityResult(BeaconListActivity.java:97)\n	at android.app.Activity.dispatchActivityResult(Activity.java:5618)\n	at android.app.ActivityThread.deliverResults(ActivityThread.java:3547)\n	at android.app.ActivityThread.handleSendResult(ActivityThread.java:3594)\n	at android.app.ActivityThread.access$1400(ActivityThread.java:161)\n	at android.app.ActivityThread$H.handleMessage(ActivityThread.java:1313)\n	at android.os.Handler.dispatchMessage(Handler.java:102)\n	at android.os.Looper.loop(Looper.java:157)\n	at android.app.ActivityThread.main(ActivityThread.java:5356)\n	at java.lang.reflect.Method.invokeNative(Native Method)\n	at java.lang.reflect.Method.invoke(Method.java:515)\n	at com.android.internal.os.ZygoteInit$MethodAndArgsCaller.run(ZygoteInit.java:1265)\n	at com.android.internal.os.ZygoteInit.main(ZygoteInit.java:1081)\n	at dalvik.system.NativeStart.main(Native Method)\n','08-13 18:16:04.303 W/WebCheck(29934): ###### WIFI CONNECTED on check\n08-13 18:16:04.303 W/WebCheck(29934): ###### MOBILE_NETWORK AVAILABLE on check\n08-13 18:16:04.303 D/WebCheck(29934): @@@ MOBILE_NETWORK NOT CONNECTED on check\n08-13 18:16:04.303 D/WebCheck(29934): ###### Network check completed in 3 ms\n08-13 18:16:04.318 W/BaseVolley(29934): getRemoteData requestQueue is null, getting it ...: \n08-13 18:16:04.333 I/BaseVolley(29934): ...sending remote request: ....size: 139...>\n08-13 18:16:04.333 I/BaseVolley(29934): http://192.168.1.111:8050/proximity/admin?JSON={\"companyID\":0,\"branchID\":0,\"beaconID\":0,\"requestType\":15}\n08-13 18:16:04.338 I/BohaRequest(29934): ...Cloud Server communication started ...\n08-13 18:16:04.398 D/AbsListView(29934): unregisterIRListener() is called \n08-13 18:16:04.398 D/ProgressBar(29934): updateDrawableBounds: left = 0\n08-13 18:16:04.398 D/ProgressBar(29934): updateDrawableBounds: top = 0\n08-13 18:16:04.398 D/ProgressBar(29934): updateDrawableBounds: right = 48\n08-13 18:16:04.398 D/ProgressBar(29934): updateDrawableBounds: bottom = 48\n08-13 18:16:04.578 I/System.out(29934): Thread-38990(HTTPLog):SmartBonding Enabling is false, log to file is false, DBG is false\n08-13 18:16:04.643 I/BohaRequest(29934): response string length returned: 5306\n08-13 18:16:04.728 E/BaseVolley(29934): Yup! ...response object received, status code: 0\n08-13 18:16:04.778 E/CacheUtil(29934): ######### data has been cached\n08-13 18:16:04.798 D/AbsListView(29934): unregisterIRListener() is called \n08-13 18:16:10.093 D/AbsListView(29934): unregisterIRListener() is called \n08-13 18:16:10.098 W/ApplicationPackageManager(29934): getCSCPackageItemText()\n08-13 18:16:10.118 E/BranchListFragment(29934): ##### Fragment hosted by BranchListActivity\n08-13 18:16:10.138 D/AbsListView(29934): Get MotionRecognitionManager\n08-13 18:16:10.153 D/AbsListView(29934): onVisibilityChanged() is called, visibility : 4\n08-13 18:16:10.153 D/AbsListView(29934): unregisterIRListener() is called \n08-13 18:16:10.158 D/AbsListView(29934): onVisibilityChanged() is called, visibility : 0\n08-13 18:16:10.158 D/AbsListView(29934): unregisterIRListener() is called \n08-13 18:16:10.168 D/AbsListView(29934): unregisterIRListener() is called \n08-13 18:16:10.273 D/AbsListView(29934): unregisterIRListener() is called \n08-13 18:16:10.293 D/AbsListView(29934): unregisterIRListener() is called \n08-13 18:16:10.338 D/AbsListView(29934): unregisterIRListener() is called \n08-13 18:16:10.358 D/AbsListView(29934): unregisterIRListener() is called \n08-13 18:16:10.863 D/AbsListView(29934): onVisibilityChanged() is called, visibility : 4\n08-13 18:16:10.863 D/AbsListView(29934): unregisterIRListener() is called \n08-13 18:16:12.883 D/AbsListView(29934): unregisterIRListener() is called \n08-13 18:16:12.888 W/ApplicationPackageManager(29934): getCSCPackageItemText()\n08-13 18:16:12.913 E/BeaconListFragment(29934): ##### Fragment hosted by BeaconListActivity\n08-13 18:16:12.923 D/AbsListView(29934): Get MotionRecognitionManager\n08-13 18:16:12.938 D/AbsListView(29934): onVisibilityChanged() is called, visibility : 4\n08-13 18:16:12.938 D/AbsListView(29934): unregisterIRListener() is called \n08-13 18:16:12.943 D/AbsListView(29934): onVisibilityChanged() is called, visibility : 0\n08-13 18:16:12.943 D/AbsListView(29934): unregisterIRListener() is called \n08-13 18:16:12.953 D/AbsListView(29934): unregisterIRListener() is called \n08-13 18:16:13.043 D/dalvikvm(29934): GC_FOR_ALLOC freed 1679K, 15% free 18157K/21328K, paused 24ms, total 24ms\n08-13 18:16:13.088 D/AbsListView(29934): unregisterIRListener() is called \n08-13 18:16:13.103 D/AbsListView(29934): unregisterIRListener() is called \n08-13 18:16:13.143 D/AbsListView(29934): unregisterIRListener() is called \n08-13 18:16:13.168 D/AbsListView(29934): unregisterIRListener() is called \n08-13 18:16:13.703 D/AbsListView(29934): onVisibilityChanged() is called, visibility : 4\n08-13 18:16:13.703 D/AbsListView(29934): unregisterIRListener() is called \n08-13 18:16:17.393 D/AbsListView(29934): unregisterIRListener() is called \n08-13 18:16:17.398 W/ApplicationPackageManager(29934): getCSCPackageItemText()\n08-13 18:16:17.428 D/BeaconImageGridFragment(29934): ##### Fragment hosted by BeaconImageGridActivity\n08-13 18:16:17.433 D/AbsListView(29934): Get MotionRecognitionManager\n08-13 18:16:17.443 D/AbsListView(29934): onVisibilityChanged() is called, visibility : 4\n08-13 18:16:17.443 D/AbsListView(29934): unregisterIRListener() is called \n08-13 18:16:17.448 D/AbsListView(29934): onVisibilityChanged() is called, visibility : 0\n08-13 18:16:17.448 D/AbsListView(29934): unregisterIRListener() is called \n08-13 18:16:17.458 D/AbsListView(29934): unregisterIRListener() is called \n08-13 18:16:17.483 D/dalvikvm(29934): GC_FOR_ALLOC freed 329K, 15% free 18189K/21328K, paused 19ms, total 19ms\n08-13 18:16:17.493 I/dalvikvm-heap(29934): Grow heap (frag case) to 22.293MB for 3225616-byte allocation\n08-13 18:16:17.513 D/dalvikvm(29934): GC_FOR_ALLOC freed <1K, 13% free 21338K/24480K, paused 20ms, total 20ms\n08-13 18:16:17.523 W/Settings(29934): Setting airplane_mode_on has moved from android.provider.Settings.System to android.provider.Settings.Global, returning read-only value.\n08-13 18:16:17.593 D/dalvikvm(29934): GC_FOR_ALLOC freed 3266K, 15% free 18276K/21328K, paused 25ms, total 25ms\n08-13 18:16:17.623 D/dalvikvm(29934): GC_FOR_ALLOC freed 19K, 14% free 19539K/22580K, paused 22ms, total 24ms\n08-13 18:16:17.648 D/AbsListView(29934): unregisterIRListener() is called \n08-13 18:16:17.673 D/AbsListView(29934): unregisterIRListener() is called \n08-13 18:16:17.698 D/AbsListView(29934): unregisterIRListener() is called \n08-13 18:16:17.718 D/AbsListView(29934): unregisterIRListener() is called \n08-13 18:16:17.878 D/AbsListView(29934): unregisterIRListener() is called \n08-13 18:16:18.288 D/AbsListView(29934): onVisibilityChanged() is called, visibility : 4\n08-13 18:16:18.288 D/AbsListView(29934): unregisterIRListener() is called \n08-13 18:16:21.878 D/dalvikvm(29934): GC_FOR_ALLOC freed 6293K, 31% free 19769K/28592K, paused 25ms, total 26ms\n08-13 18:16:21.878 I/dalvikvm-heap(29934): Grow heap (frag case) to 23.836MB for 3225616-byte allocation\n08-13 18:16:21.908 D/dalvikvm(29934): GC_FOR_ALLOC freed 5K, 20% free 22913K/28592K, paused 26ms, total 26ms\n08-13 18:16:22.068 D/AbsListView(29934): unregisterIRListener() is called \n08-13 18:16:23.498 W/WebCheck(29934): ###### WIFI AVAILABLE on check\n08-13 18:16:23.498 W/WebCheck(29934): ###### WIFI CONNECTED on check\n08-13 18:16:23.498 W/WebCheck(29934): ###### MOBILE_NETWORK AVAILABLE on check\n08-13 18:16:23.498 D/WebCheck(29934): @@@ MOBILE_NETWORK NOT CONNECTED on check\n08-13 18:16:23.498 D/WebCheck(29934): ###### Network check completed in 1 ms\n08-13 18:16:23.498 E/BaseVolley(29934): ********** getRemoteData requestQueue is NOT NULL - Kool\n08-13 18:16:23.508 I/BaseVolley(29934): ...sending remote request: ....size: 184...>\n08-13 18:16:23.508 I/BaseVolley(29934): http://192.168.1.111:8050/proximity/admin?JSON={\"fileName\":\"f1406799274327.jpg\",\"companyID\":8,\"branchID\":2,\"beaconID\":11,\"requestType\":21}\n08-13 18:16:23.508 I/BohaRequest(29934): ...Cloud Server communication started ...\n08-13 18:16:23.538 I/BohaRequest(29934): response string length returned: 56\n08-13 18:16:23.588 D/AbsListView(29934): unregisterIRListener() is called \n08-13 18:16:23.603 D/AbsListView(29934): unregisterIRListener() is called \n08-13 18:16:23.618 E/ViewRootImpl(29934): sendUserActionEvent() mView == null\n08-13 18:16:23.618 E/BaseVolley(29934): Yup! ...response object received, status code: 0\n08-13 18:16:23.618 E/ImageDeleteDialog(29934): f1406799274327.jpg deleted\n08-13 18:16:23.848 D/AbsListView(29934): unregisterIRListener() is called \n08-13 18:16:28.188 D/AbsListView(29934): unregisterIRListener() is called \n08-13 18:16:28.773 I/dalvikvm-heap(29934): Grow heap (frag case) to 28.557MB for 3225616-byte allocation\n08-13 18:16:28.788 D/AbsListView(29934): unregisterIRListener() is called \n08-13 18:16:29.633 D/AndroidRuntime(29934): Shutting down VM\n08-13 18:16:29.633 W/dalvikvm(29934): threadid=1: thread exiting with uncaught exception (group=0x417fcc08)\n08-13 18:16:29.633 E/ACRA    (29934): ACRA caught a RuntimeException exception for com.boha.proximity.cms. Building report.\n08-13 18:16:29.638 D/ACRA    (29934): Using custom Report Fields\n08-13 18:16:29.648 I/ACRA    (29934): READ_LOGS granted! ACRA can include LogCat and DropBox data.\n08-13 18:16:29.673 D/ACRA    (29934): Retrieving logcat output...\n'),
	(6,NULL,'2014-08-13 18:57:52','com.boha.proximity.cms','1.0','1','samsung','GT-I9500','4.4.2','java.lang.IndexOutOfBoundsException: Invalid index 1, size is 1\n	at java.util.ArrayList.throwIndexOutOfBoundsException(ArrayList.java:255)\n	at java.util.ArrayList.get(ArrayList.java:308)\n	at com.android.internal.view.menu.MenuBuilder.getItem(MenuBuilder.java:656)\n	at android.support.v7.internal.view.menu.MenuWrapperICS.getItem(MenuWrapperICS.java:144)\n	at com.boha.proximity.cms.BeaconListActivity.onCreateOptionsMenu(BeaconListActivity.java:36)\n	at android.app.Activity.onCreatePanelMenu(Activity.java:2625)\n	at android.support.v4.app.FragmentActivity.onCreatePanelMenu(FragmentActivity.java:224)\n	at android.support.v7.app.ActionBarActivity.superOnCreatePanelMenu(ActionBarActivity.java:232)\n	at android.support.v7.app.ActionBarActivityDelegateICS.onCreatePanelMenu(ActionBarActivityDelegateICS.java:146)\n	at android.support.v7.app.ActionBarActivity.onCreatePanelMenu(ActionBarActivity.java:199)\n	at android.support.v7.app.ActionBarActivityDelegateICS$WindowCallbackWrapper.onCreatePanelMenu(ActionBarActivityDelegateICS.java:293)\n	at com.android.internal.policy.impl.PhoneWindow.preparePanel(PhoneWindow.java:505)\n	at com.android.internal.policy.impl.PhoneWindow.doInvalidatePanelMenu(PhoneWindow.java:874)\n	at com.android.internal.policy.impl.PhoneWindow$1.run(PhoneWindow.java:290)\n	at android.view.Choreographer$CallbackRecord.run(Choreographer.java:803)\n	at android.view.Choreographer.doCallbacks(Choreographer.java:603)\n	at android.view.Choreographer.doFrame(Choreographer.java:572)\n	at android.view.Choreographer$FrameDisplayEventReceiver.run(Choreographer.java:789)\n	at android.os.Handler.handleCallback(Handler.java:733)\n	at android.os.Handler.dispatchMessage(Handler.java:95)\n	at android.os.Looper.loop(Looper.java:157)\n	at android.app.ActivityThread.main(ActivityThread.java:5356)\n	at java.lang.reflect.Method.invokeNative(Native Method)\n	at java.lang.reflect.Method.invoke(Method.java:515)\n	at com.android.internal.os.ZygoteInit$MethodAndArgsCaller.run(ZygoteInit.java:1265)\n	at com.android.internal.os.ZygoteInit.main(ZygoteInit.java:1081)\n	at dalvik.system.NativeStart.main(Native Method)\n','--------- beginning of /dev/log/main\n08-13 18:57:01.118 D/dalvikvm( 1586): Late-enabling CheckJNI\n08-13 18:57:01.243 I/com.boha.proximity.library.ProxiApplication( 1586): ***************************** BeaconsApp starting...\n08-13 18:57:01.248 E/BohaVolley( 1586): initializing Volley Networking ...\n08-13 18:57:01.263 I/BohaVolley( 1586): ********** Yebo! Volley Networking has been initialized, cache size: 32768 KB\n08-13 18:57:01.288 D/ACRA    ( 1586): ACRA is enabled for com.boha.proximity.cms, intializing...\n08-13 18:57:01.323 D/ACRA    ( 1586): Looking for error files in /data/data/com.boha.proximity.cms/files\n08-13 18:57:01.348 E/com.boha.proximity.library.ProxiApplication( 1586): ###### ACRA Crash Reporting has been initiated\n08-13 18:57:01.373 W/ApplicationPackageManager( 1586): getCSCPackageItemText()\n08-13 18:57:01.463 E/BranchListFragment( 1586): ##### Fragment hosted by CompanyListActivity\n08-13 18:57:01.493 D/AbsListView( 1586): Get MotionRecognitionManager\n08-13 18:57:01.518 W/CompanyListActivity( 1586): ########## onResume\n08-13 18:57:01.523 D/AbsListView( 1586): onVisibilityChanged() is called, visibility : 4\n08-13 18:57:01.523 D/AbsListView( 1586): unregisterIRListener() is called \n08-13 18:57:01.538 D/AbsListView( 1586): onVisibilityChanged() is called, visibility : 0\n08-13 18:57:01.538 D/AbsListView( 1586): unregisterIRListener() is called \n08-13 18:57:01.563 D/AbsListView( 1586): unregisterIRListener() is called \n08-13 18:57:01.673 D/OpenGLRenderer( 1586): Enabling debug mode 0\n08-13 18:57:01.683 D/AbsListView( 1586): unregisterIRListener() is called \n08-13 18:57:01.703 E/CacheUtil( 1586): ################ getting cached data ..................\n08-13 18:57:01.703 E/CacheUtil( 1586): ########### doInBackground: getting cached data ....\n08-13 18:57:01.778 W/CacheUtil( 1586): #### cached data retrived, companies: 7\n08-13 18:57:02.018 D/AbsListView( 1586): unregisterIRListener() is called \n08-13 18:57:02.033 W/CacheUtil( 1586): $$$$$$$$$$$$ cached data retrieved\n08-13 18:57:02.038 W/WebCheck( 1586): ###### WIFI AVAILABLE on check\n08-13 18:57:02.038 W/WebCheck( 1586): ###### WIFI CONNECTED on check\n08-13 18:57:02.038 W/WebCheck( 1586): ###### MOBILE_NETWORK AVAILABLE on check\n08-13 18:57:02.038 D/WebCheck( 1586): @@@ MOBILE_NETWORK NOT CONNECTED on check\n08-13 18:57:02.038 D/WebCheck( 1586): ###### Network check completed in 2 ms\n08-13 18:57:02.063 W/BaseVolley( 1586): getRemoteData requestQueue is null, getting it ...: \n08-13 18:57:02.083 I/BaseVolley( 1586): ...sending remote request: ....size: 139...>\n08-13 18:57:02.083 I/BaseVolley( 1586): http://192.168.1.111:8050/proximity/admin?JSON={\"companyID\":0,\"branchID\":0,\"beaconID\":0,\"requestType\":15}\n08-13 18:57:02.083 I/BohaRequest( 1586): ...Cloud Server communication started ...\n08-13 18:57:02.163 D/AbsListView( 1586): unregisterIRListener() is called \n08-13 18:57:02.163 D/ProgressBar( 1586): updateDrawableBounds: left = 0\n08-13 18:57:02.163 D/ProgressBar( 1586): updateDrawableBounds: top = 0\n08-13 18:57:02.163 D/ProgressBar( 1586): updateDrawableBounds: right = 48\n08-13 18:57:02.163 D/ProgressBar( 1586): updateDrawableBounds: bottom = 48\n08-13 18:57:02.203 W/InputMethodManager( 1586): Ignoring onBind: cur seq=1965, given seq=1964\n08-13 18:57:02.388 I/System.out( 1586): Thread-39115(HTTPLog):SmartBonding Enabling is false, log to file is false, DBG is false\n08-13 18:57:02.548 I/BohaRequest( 1586): response string length returned: 5159\n08-13 18:57:02.698 E/BaseVolley( 1586): Yup! ...response object received, status code: 0\n08-13 18:57:02.783 D/AbsListView( 1586): unregisterIRListener() is called \n08-13 18:57:02.793 E/CacheUtil( 1586): ######### data has been cached\n08-13 18:57:50.743 D/AbsListView( 1586): unregisterIRListener() is called \n08-13 18:57:50.743 W/ApplicationPackageManager( 1586): getCSCPackageItemText()\n08-13 18:57:50.778 E/BranchListFragment( 1586): ##### Fragment hosted by BranchListActivity\n08-13 18:57:50.798 D/AbsListView( 1586): Get MotionRecognitionManager\n08-13 18:57:50.813 D/AbsListView( 1586): onVisibilityChanged() is called, visibility : 4\n08-13 18:57:50.813 D/AbsListView( 1586): unregisterIRListener() is called \n08-13 18:57:50.818 D/AbsListView( 1586): onVisibilityChanged() is called, visibility : 0\n08-13 18:57:50.818 D/AbsListView( 1586): unregisterIRListener() is called \n08-13 18:57:50.823 D/AbsListView( 1586): unregisterIRListener() is called \n08-13 18:57:50.933 D/dalvikvm( 1586): GC_FOR_ALLOC freed 1832K, 16% free 18004K/21328K, paused 27ms, total 27ms\n08-13 18:57:50.958 D/AbsListView( 1586): unregisterIRListener() is called \n08-13 18:57:50.973 D/AbsListView( 1586): unregisterIRListener() is called \n08-13 18:57:51.023 D/AbsListView( 1586): unregisterIRListener() is called \n08-13 18:57:51.048 D/AbsListView( 1586): unregisterIRListener() is called \n08-13 18:57:51.628 D/AbsListView( 1586): onVisibilityChanged() is called, visibility : 4\n08-13 18:57:51.628 D/AbsListView( 1586): unregisterIRListener() is called \n08-13 18:57:53.763 D/AbsListView( 1586): unregisterIRListener() is called \n08-13 18:57:53.763 W/ApplicationPackageManager( 1586): getCSCPackageItemText()\n08-13 18:57:53.798 E/BeaconListFragment( 1586): ##### Fragment hosted by BeaconListActivity\n08-13 18:57:53.808 D/AbsListView( 1586): Get MotionRecognitionManager\n08-13 18:57:53.818 D/AbsListView( 1586): onVisibilityChanged() is called, visibility : 4\n08-13 18:57:53.818 D/AbsListView( 1586): unregisterIRListener() is called \n08-13 18:57:53.823 D/AbsListView( 1586): onVisibilityChanged() is called, visibility : 0\n08-13 18:57:53.823 D/AbsListView( 1586): unregisterIRListener() is called \n08-13 18:57:53.828 D/AbsListView( 1586): unregisterIRListener() is called \n08-13 18:57:53.973 D/AbsListView( 1586): unregisterIRListener() is called \n08-13 18:57:53.978 D/AndroidRuntime( 1586): Shutting down VM\n08-13 18:57:53.978 W/dalvikvm( 1586): threadid=1: thread exiting with uncaught exception (group=0x417fcc08)\n08-13 18:57:53.978 E/ACRA    ( 1586): ACRA caught a IndexOutOfBoundsException exception for com.boha.proximity.cms. Building report.\n08-13 18:57:53.978 D/ACRA    ( 1586): Using custom Report Fields\n08-13 18:57:53.988 I/ACRA    ( 1586): READ_LOGS granted! ACRA can include LogCat and DropBox data.\n08-13 18:57:54.013 D/ACRA    ( 1586): Retrieving logcat output...\n'),
	(7,NULL,'2014-08-13 18:59:03','com.boha.proximity.cms','1.0','1','samsung','GT-I9500','4.4.2','android.view.WindowManager$BadTokenException: Unable to add window -- token null is not for an application\n	at android.view.ViewRootImpl.setView(ViewRootImpl.java:754)\n	at android.view.WindowManagerGlobal.addView(WindowManagerGlobal.java:278)\n	at android.view.WindowManagerImpl.addView(WindowManagerImpl.java:69)\n	at android.app.Dialog.show(Dialog.java:288)\n	at android.app.AlertDialog$Builder.show(AlertDialog.java:951)\n	at com.boha.proximity.cms.BeaconImageGridActivity.onOptionsItemSelected(BeaconImageGridActivity.java:60)\n	at android.app.Activity.onMenuItemSelected(Activity.java:2687)\n	at android.support.v4.app.FragmentActivity.onMenuItemSelected(FragmentActivity.java:372)\n	at android.support.v7.app.ActionBarActivity.superOnMenuItemSelected(ActionBarActivity.java:244)\n	at android.support.v7.app.ActionBarActivityDelegateICS.onMenuItemSelected(ActionBarActivityDelegateICS.java:164)\n	at android.support.v7.app.ActionBarActivity.onMenuItemSelected(ActionBarActivity.java:130)\n	at android.support.v7.app.ActionBarActivityDelegateICS$WindowCallbackWrapper.onMenuItemSelected(ActionBarActivityDelegateICS.java:308)\n	at com.android.internal.policy.impl.PhoneWindow.onMenuItemSelected(PhoneWindow.java:1103)\n	at com.android.internal.view.menu.MenuBuilder.dispatchMenuItemSelected(MenuBuilder.java:735)\n	at com.android.internal.view.menu.MenuItemImpl.invoke(MenuItemImpl.java:152)\n	at com.android.internal.view.menu.MenuBuilder.performItemAction(MenuBuilder.java:874)\n	at com.android.internal.view.menu.ActionMenuView.invokeItem(ActionMenuView.java:626)\n	at com.android.internal.view.menu.ActionMenuItemView.onClick(ActionMenuItemView.java:204)\n	at android.view.View.performClick(View.java:4633)\n	at android.view.View$PerformClick.run(View.java:19330)\n	at android.os.Handler.handleCallback(Handler.java:733)\n	at android.os.Handler.dispatchMessage(Handler.java:95)\n	at android.os.Looper.loop(Looper.java:157)\n	at android.app.ActivityThread.main(ActivityThread.java:5356)\n	at java.lang.reflect.Method.invokeNative(Native Method)\n	at java.lang.reflect.Method.invoke(Method.java:515)\n	at com.android.internal.os.ZygoteInit$MethodAndArgsCaller.run(ZygoteInit.java:1265)\n	at com.android.internal.os.ZygoteInit.main(ZygoteInit.java:1081)\n	at dalvik.system.NativeStart.main(Native Method)\n','08-13 18:58:41.958 I/BohaVolley( 2233): ********** Yebo! Volley Networking has been initialized, cache size: 32768 KB\n08-13 18:58:41.963 D/ACRA    ( 2233): ACRA is enabled for com.boha.proximity.cms, intializing...\n08-13 18:58:41.993 D/ACRA    ( 2233): Looking for error files in /data/data/com.boha.proximity.cms/files\n08-13 18:58:41.993 E/com.boha.proximity.library.ProxiApplication( 2233): ###### ACRA Crash Reporting has been initiated\n08-13 18:58:42.008 W/ApplicationPackageManager( 2233): getCSCPackageItemText()\n08-13 18:58:42.063 E/BranchListFragment( 2233): ##### Fragment hosted by CompanyListActivity\n08-13 18:58:42.088 D/AbsListView( 2233): Get MotionRecognitionManager\n08-13 18:58:42.118 W/CompanyListActivity( 2233): ########## onResume\n08-13 18:58:42.123 D/AbsListView( 2233): onVisibilityChanged() is called, visibility : 4\n08-13 18:58:42.123 D/AbsListView( 2233): unregisterIRListener() is called \n08-13 18:58:42.483 D/AbsListView( 2233): onVisibilityChanged() is called, visibility : 0\n08-13 18:58:42.483 D/AbsListView( 2233): unregisterIRListener() is called \n08-13 18:58:42.508 D/AbsListView( 2233): unregisterIRListener() is called \n08-13 18:58:42.593 D/OpenGLRenderer( 2233): Enabling debug mode 0\n08-13 18:58:42.603 D/AbsListView( 2233): unregisterIRListener() is called \n08-13 18:58:42.618 E/CacheUtil( 2233): ################ getting cached data ..................\n08-13 18:58:42.618 E/CacheUtil( 2233): ########### doInBackground: getting cached data ....\n08-13 18:58:42.653 D/AbsListView( 2233): unregisterIRListener() is called \n08-13 18:58:42.693 D/AbsListView( 2233): unregisterIRListener() is called \n08-13 18:58:42.753 W/CacheUtil( 2233): #### cached data retrived, companies: 7\n08-13 18:58:42.753 W/CacheUtil( 2233): $$$$$$$$$$$$ cached data retrieved\n08-13 18:58:42.758 W/WebCheck( 2233): ###### WIFI AVAILABLE on check\n08-13 18:58:42.758 W/WebCheck( 2233): ###### WIFI CONNECTED on check\n08-13 18:58:42.758 W/WebCheck( 2233): ###### MOBILE_NETWORK AVAILABLE on check\n08-13 18:58:42.758 D/WebCheck( 2233): @@@ MOBILE_NETWORK NOT CONNECTED on check\n08-13 18:58:42.758 D/WebCheck( 2233): ###### Network check completed in 2 ms\n08-13 18:58:42.768 W/BaseVolley( 2233): getRemoteData requestQueue is null, getting it ...: \n08-13 18:58:42.778 I/BaseVolley( 2233): ...sending remote request: ....size: 139...>\n08-13 18:58:42.778 I/BaseVolley( 2233): http://192.168.1.111:8050/proximity/admin?JSON={\"companyID\":0,\"branchID\":0,\"beaconID\":0,\"requestType\":15}\n08-13 18:58:42.783 I/BohaRequest( 2233): ...Cloud Server communication started ...\n08-13 18:58:42.848 D/AbsListView( 2233): unregisterIRListener() is called \n08-13 18:58:42.848 D/ProgressBar( 2233): updateDrawableBounds: left = 0\n08-13 18:58:42.848 D/ProgressBar( 2233): updateDrawableBounds: top = 0\n08-13 18:58:42.848 D/ProgressBar( 2233): updateDrawableBounds: right = 48\n08-13 18:58:42.848 D/ProgressBar( 2233): updateDrawableBounds: bottom = 48\n08-13 18:58:43.023 I/System.out( 2233): Thread-39185(HTTPLog):SmartBonding Enabling is false, log to file is false, DBG is false\n08-13 18:58:43.168 I/BohaRequest( 2233): response string length returned: 5159\n08-13 18:58:43.303 E/BaseVolley( 2233): Yup! ...response object received, status code: 0\n08-13 18:58:43.368 E/CacheUtil( 2233): ######### data has been cached\n08-13 18:58:43.378 D/AbsListView( 2233): unregisterIRListener() is called \n08-13 18:58:49.948 D/AbsListView( 2233): unregisterIRListener() is called \n08-13 18:58:49.948 W/ApplicationPackageManager( 2233): getCSCPackageItemText()\n08-13 18:58:49.973 E/BranchListFragment( 2233): ##### Fragment hosted by BranchListActivity\n08-13 18:58:49.988 D/AbsListView( 2233): Get MotionRecognitionManager\n08-13 18:58:50.003 D/AbsListView( 2233): onVisibilityChanged() is called, visibility : 4\n08-13 18:58:50.003 D/AbsListView( 2233): unregisterIRListener() is called \n08-13 18:58:50.008 D/AbsListView( 2233): onVisibilityChanged() is called, visibility : 0\n08-13 18:58:50.008 D/AbsListView( 2233): unregisterIRListener() is called \n08-13 18:58:50.013 D/AbsListView( 2233): unregisterIRListener() is called \n08-13 18:58:50.153 D/AbsListView( 2233): unregisterIRListener() is called \n08-13 18:58:50.173 D/AbsListView( 2233): unregisterIRListener() is called \n08-13 18:58:50.218 D/AbsListView( 2233): unregisterIRListener() is called \n08-13 18:58:50.238 D/AbsListView( 2233): unregisterIRListener() is called \n08-13 18:58:50.753 D/AbsListView( 2233): onVisibilityChanged() is called, visibility : 4\n08-13 18:58:50.753 D/AbsListView( 2233): unregisterIRListener() is called \n08-13 18:58:52.668 D/dalvikvm( 2233): GC_FOR_ALLOC freed 1793K, 16% free 18044K/21328K, paused 29ms, total 29ms\n08-13 18:58:52.798 D/AbsListView( 2233): unregisterIRListener() is called \n08-13 18:58:52.798 W/ApplicationPackageManager( 2233): getCSCPackageItemText()\n08-13 18:58:52.828 E/BeaconListFragment( 2233): ##### Fragment hosted by BeaconListActivity\n08-13 18:58:52.838 D/AbsListView( 2233): Get MotionRecognitionManager\n08-13 18:58:52.853 D/AbsListView( 2233): onVisibilityChanged() is called, visibility : 4\n08-13 18:58:52.853 D/AbsListView( 2233): unregisterIRListener() is called \n08-13 18:58:52.858 D/AbsListView( 2233): onVisibilityChanged() is called, visibility : 0\n08-13 18:58:52.858 D/AbsListView( 2233): unregisterIRListener() is called \n08-13 18:58:52.863 D/AbsListView( 2233): unregisterIRListener() is called \n08-13 18:58:53.013 D/AbsListView( 2233): unregisterIRListener() is called \n08-13 18:58:53.033 D/AbsListView( 2233): unregisterIRListener() is called \n08-13 18:58:53.078 D/AbsListView( 2233): unregisterIRListener() is called \n08-13 18:58:53.108 D/AbsListView( 2233): unregisterIRListener() is called \n08-13 18:58:53.618 D/AbsListView( 2233): onVisibilityChanged() is called, visibility : 4\n08-13 18:58:53.618 D/AbsListView( 2233): unregisterIRListener() is called \n08-13 18:58:58.773 D/AbsListView( 2233): unregisterIRListener() is called \n08-13 18:58:58.778 W/ApplicationPackageManager( 2233): getCSCPackageItemText()\n08-13 18:58:58.803 D/BeaconImageGridFragment( 2233): ##### Fragment hosted by BeaconImageGridActivity\n08-13 18:58:58.808 D/AbsListView( 2233): Get MotionRecognitionManager\n08-13 18:58:58.818 D/AbsListView( 2233): onVisibilityChanged() is called, visibility : 4\n08-13 18:58:58.818 D/AbsListView( 2233): unregisterIRListener() is called \n08-13 18:58:58.823 D/AbsListView( 2233): onVisibilityChanged() is called, visibility : 0\n08-13 18:58:58.823 D/AbsListView( 2233): unregisterIRListener() is called \n08-13 18:58:58.833 D/AbsListView( 2233): unregisterIRListener() is called \n08-13 18:58:58.863 D/dalvikvm( 2233): GC_FOR_ALLOC freed 384K, 15% free 18172K/21328K, paused 20ms, total 20ms\n08-13 18:58:58.868 I/dalvikvm-heap( 2233): Grow heap (frag case) to 22.277MB for 3225616-byte allocation\n08-13 18:58:58.888 D/dalvikvm( 2233): GC_FOR_ALLOC freed 1K, 13% free 21321K/24480K, paused 20ms, total 20ms\n08-13 18:58:58.898 W/Settings( 2233): Setting airplane_mode_on has moved from android.provider.Settings.System to android.provider.Settings.Global, returning read-only value.\n08-13 18:58:58.958 D/dalvikvm( 2233): GC_FOR_ALLOC freed 3291K, 26% free 18491K/24700K, paused 25ms, total 25ms\n08-13 18:58:59.013 D/dalvikvm( 2233): GC_FOR_ALLOC freed 501K, 15% free 18441K/21548K, paused 22ms, total 22ms\n08-13 18:58:59.028 D/AbsListView( 2233): unregisterIRListener() is called \n08-13 18:58:59.058 D/AbsListView( 2233): unregisterIRListener() is called \n08-13 18:58:59.083 D/AbsListView( 2233): unregisterIRListener() is called \n08-13 18:58:59.103 D/AbsListView( 2233): unregisterIRListener() is called \n08-13 18:58:59.203 D/AbsListView( 2233): unregisterIRListener() is called \n08-13 18:58:59.633 D/AbsListView( 2233): onVisibilityChanged() is called, visibility : 4\n08-13 18:58:59.633 D/AbsListView( 2233): unregisterIRListener() is called \n08-13 18:59:05.288 D/dalvikvm( 2233): GC_FOR_ALLOC freed 3381K, 24% free 19084K/24984K, paused 26ms, total 26ms\n08-13 18:59:05.298 D/AndroidRuntime( 2233): Shutting down VM\n08-13 18:59:05.298 W/dalvikvm( 2233): threadid=1: thread exiting with uncaught exception (group=0x417fcc08)\n08-13 18:59:05.298 E/ACRA    ( 2233): ACRA caught a BadTokenException exception for com.boha.proximity.cms. Building report.\n08-13 18:59:05.303 D/ACRA    ( 2233): Using custom Report Fields\n08-13 18:59:05.313 I/ACRA    ( 2233): READ_LOGS granted! ACRA can include LogCat and DropBox data.\n08-13 18:59:05.338 D/ACRA    ( 2233): Retrieving logcat output...\n'),
	(8,NULL,'2014-08-13 19:21:42','com.boha.proximity.cms','1.0','1','samsung','GT-I9500','4.4.2','java.lang.NullPointerException\n	at com.boha.proximity.cms.PictureActivity.sendThumbnail(PictureActivity.java:105)\n	at com.boha.proximity.cms.PictureActivity.access$200(PictureActivity.java:45)\n	at com.boha.proximity.cms.PictureActivity$3.onClick(PictureActivity.java:79)\n	at android.view.View.performClick(View.java:4633)\n	at android.view.View$PerformClick.run(View.java:19330)\n	at android.os.Handler.handleCallback(Handler.java:733)\n	at android.os.Handler.dispatchMessage(Handler.java:95)\n	at android.os.Looper.loop(Looper.java:157)\n	at android.app.ActivityThread.main(ActivityThread.java:5356)\n	at java.lang.reflect.Method.invokeNative(Native Method)\n	at java.lang.reflect.Method.invoke(Method.java:515)\n	at com.android.internal.os.ZygoteInit$MethodAndArgsCaller.run(ZygoteInit.java:1265)\n	at com.android.internal.os.ZygoteInit.main(ZygoteInit.java:1081)\n	at dalvik.system.NativeStart.main(Native Method)\n','08-13 19:15:09.073 D/ProgressBar( 5545): updateDrawableBounds: top = 0\n08-13 19:15:09.073 D/ProgressBar( 5545): updateDrawableBounds: right = 48\n08-13 19:15:09.073 D/ProgressBar( 5545): updateDrawableBounds: bottom = 48\n08-13 19:15:09.113 W/InputMethodManager( 5545): Ignoring onBind: cur seq=1999, given seq=1998\n08-13 19:15:09.258 I/System.out( 5545): Thread-39311(HTTPLog):SmartBonding Enabling is false, log to file is false, DBG is false\n08-13 19:15:09.348 I/BohaRequest( 5545): response string length returned: 5159\n08-13 19:15:09.463 E/BaseVolley( 5545): Yup! ...response object received, status code: 0\n08-13 19:15:09.518 E/CacheUtil( 5545): ######### data has been cached\n08-13 19:15:09.518 D/AbsListView( 5545): unregisterIRListener() is called \n08-13 19:15:13.773 D/AbsListView( 5545): unregisterIRListener() is called \n08-13 19:15:13.773 W/ApplicationPackageManager( 5545): getCSCPackageItemText()\n08-13 19:15:13.803 E/BranchListFragment( 5545): ##### Fragment hosted by BranchListActivity\n08-13 19:15:13.823 D/AbsListView( 5545): Get MotionRecognitionManager\n08-13 19:15:13.838 D/AbsListView( 5545): onVisibilityChanged() is called, visibility : 4\n08-13 19:15:13.838 D/AbsListView( 5545): unregisterIRListener() is called \n08-13 19:15:14.163 D/AbsListView( 5545): onVisibilityChanged() is called, visibility : 0\n08-13 19:15:14.163 D/AbsListView( 5545): unregisterIRListener() is called \n08-13 19:15:14.168 D/AbsListView( 5545): unregisterIRListener() is called \n08-13 19:15:14.268 D/AbsListView( 5545): unregisterIRListener() is called \n08-13 19:15:14.278 D/AbsListView( 5545): unregisterIRListener() is called \n08-13 19:15:14.323 D/AbsListView( 5545): unregisterIRListener() is called \n08-13 19:15:14.343 D/AbsListView( 5545): unregisterIRListener() is called \n08-13 19:15:14.848 D/AbsListView( 5545): onVisibilityChanged() is called, visibility : 4\n08-13 19:15:14.848 D/AbsListView( 5545): unregisterIRListener() is called \n08-13 19:15:16.598 D/dalvikvm( 5545): GC_FOR_ALLOC freed 1790K, 16% free 18046K/21328K, paused 31ms, total 32ms\n08-13 19:15:16.658 D/AbsListView( 5545): unregisterIRListener() is called \n08-13 19:15:16.663 W/ApplicationPackageManager( 5545): getCSCPackageItemText()\n08-13 19:15:16.688 E/BeaconListFragment( 5545): ##### Fragment hosted by BeaconListActivity\n08-13 19:15:16.698 D/AbsListView( 5545): Get MotionRecognitionManager\n08-13 19:15:16.708 D/AbsListView( 5545): onVisibilityChanged() is called, visibility : 4\n08-13 19:15:16.708 D/AbsListView( 5545): unregisterIRListener() is called \n08-13 19:15:16.713 D/AbsListView( 5545): onVisibilityChanged() is called, visibility : 0\n08-13 19:15:16.713 D/AbsListView( 5545): unregisterIRListener() is called \n08-13 19:15:16.728 D/AbsListView( 5545): unregisterIRListener() is called \n08-13 19:15:16.853 D/AbsListView( 5545): unregisterIRListener() is called \n08-13 19:15:16.868 D/AbsListView( 5545): unregisterIRListener() is called \n08-13 19:15:16.903 D/AbsListView( 5545): unregisterIRListener() is called \n08-13 19:15:16.933 D/AbsListView( 5545): unregisterIRListener() is called \n08-13 19:15:17.463 D/AbsListView( 5545): onVisibilityChanged() is called, visibility : 4\n08-13 19:15:17.463 D/AbsListView( 5545): unregisterIRListener() is called \n08-13 19:15:18.943 D/AbsListView( 5545): unregisterIRListener() is called \n08-13 19:15:18.943 W/ApplicationPackageManager( 5545): getCSCPackageItemText()\n08-13 19:15:18.968 D/BeaconImageGridFragment( 5545): ##### Fragment hosted by BeaconImageGridActivity\n08-13 19:15:18.978 D/AbsListView( 5545): Get MotionRecognitionManager\n08-13 19:15:18.988 D/AbsListView( 5545): onVisibilityChanged() is called, visibility : 4\n08-13 19:15:18.988 D/AbsListView( 5545): unregisterIRListener() is called \n08-13 19:15:18.993 D/AbsListView( 5545): onVisibilityChanged() is called, visibility : 0\n08-13 19:15:18.993 D/AbsListView( 5545): unregisterIRListener() is called \n08-13 19:15:18.998 D/AbsListView( 5545): unregisterIRListener() is called \n08-13 19:15:19.028 D/dalvikvm( 5545): GC_FOR_ALLOC freed 387K, 15% free 18173K/21328K, paused 20ms, total 20ms\n08-13 19:15:19.033 I/dalvikvm-heap( 5545): Grow heap (frag case) to 22.278MB for 3225616-byte allocation\n08-13 19:15:19.053 D/dalvikvm( 5545): GC_FOR_ALLOC freed 6K, 13% free 21317K/24480K, paused 18ms, total 18ms\n08-13 19:15:19.058 W/Settings( 5545): Setting airplane_mode_on has moved from android.provider.Settings.System to android.provider.Settings.Global, returning read-only value.\n08-13 19:15:19.128 D/dalvikvm( 5545): GC_FOR_ALLOC freed 3310K, 26% free 18516K/24700K, paused 22ms, total 24ms\n08-13 19:15:19.158 D/dalvikvm( 5545): GC_FOR_ALLOC freed 109K, 24% free 18830K/24700K, paused 20ms, total 20ms\n08-13 19:15:19.168 I/dalvikvm-heap( 5545): Grow heap (frag case) to 22.919MB for 3225616-byte allocation\n08-13 19:15:19.188 D/dalvikvm( 5545): GC_FOR_ALLOC freed 2K, 22% free 21978K/27852K, paused 22ms, total 22ms\n08-13 19:15:19.193 D/AbsListView( 5545): unregisterIRListener() is called \n08-13 19:15:19.223 D/AbsListView( 5545): unregisterIRListener() is called \n08-13 19:15:19.248 D/AbsListView( 5545): unregisterIRListener() is called \n08-13 19:15:19.268 D/AbsListView( 5545): unregisterIRListener() is called \n08-13 19:15:19.438 D/AbsListView( 5545): unregisterIRListener() is called \n08-13 19:15:19.798 D/AbsListView( 5545): onVisibilityChanged() is called, visibility : 4\n08-13 19:15:19.798 D/AbsListView( 5545): unregisterIRListener() is called \n08-13 19:15:24.768 D/AbsListView( 5545): unregisterIRListener() is called \n08-13 19:15:27.038 D/AbsListView( 5545): unregisterIRListener() is called \n08-13 19:15:34.763 D/AbsListView( 5545): unregisterIRListener() is called \n08-13 19:15:34.773 E/ViewRootImpl( 5545): sendUserActionEvent() mView == null\n08-13 19:16:10.483 D/AbsListView( 5545): unregisterIRListener() is called \n08-13 19:16:18.793 D/AbsListView( 5545): unregisterIRListener() is called \n08-13 19:16:18.793 W/ApplicationPackageManager( 5545): getCSCPackageItemText()\n08-13 19:16:19.548 D/AbsListView( 5545): onVisibilityChanged() is called, visibility : 4\n08-13 19:16:19.548 D/AbsListView( 5545): unregisterIRListener() is called \n08-13 19:16:39.658 D/AbsListView( 5545): onVisibilityChanged() is called, visibility : 0\n08-13 19:16:39.658 D/AbsListView( 5545): unregisterIRListener() is called \n08-13 19:16:39.703 D/AbsListView( 5545): unregisterIRListener() is called \n08-13 19:19:31.793 D/AbsListView( 5545): unregisterIRListener() is called \n08-13 19:19:36.198 D/AbsListView( 5545): unregisterIRListener() is called \n08-13 19:19:36.838 D/AbsListView( 5545): onVisibilityChanged() is called, visibility : 4\n08-13 19:19:36.838 D/AbsListView( 5545): unregisterIRListener() is called \n08-13 19:20:51.888 D/AbsListView( 5545): onVisibilityChanged() is called, visibility : 0\n08-13 19:20:51.888 D/AbsListView( 5545): unregisterIRListener() is called \n08-13 19:20:51.978 D/AbsListView( 5545): unregisterIRListener() is called \n08-13 19:20:58.988 D/AbsListView( 5545): unregisterIRListener() is called \n08-13 19:20:58.998 W/ApplicationPackageManager( 5545): getCSCPackageItemText()\n08-13 19:20:59.638 D/AbsListView( 5545): onVisibilityChanged() is called, visibility : 4\n08-13 19:20:59.638 D/AbsListView( 5545): unregisterIRListener() is called \n08-13 19:21:24.358 E/PictureActivity( 5545): Raw Camera - bitmap: width: 438 height: 534 rowBytes: 1752\n08-13 19:21:24.358 E/PictureActivity( 5545): Screen - bitmap: width: 438 height: 534 rowBytes: 1752\n08-13 19:21:24.428 E/ImageUtil( 5545): File saved from bitmap: /storage/emulated/0/Pictures/mggolf/m1407950484364.jpg\n08-13 19:21:24.488 E/ImageUtil( 5545): File saved from bitmap: /storage/emulated/0/Pictures/mggolf/t1407950484433.jpg\n08-13 19:21:24.488 I/PictureActivity( 5545): Thumbnail file length: 36200\n08-13 19:21:24.488 I/PictureActivity( 5545): Full file length: 36200\n08-13 19:21:43.918 E/PictureActivity( 5545): ..........sendThumbnail ........: file:///storage/emulated/0/Pictures/mggolf/t1407950484433.jpg\n08-13 19:21:43.923 D/AndroidRuntime( 5545): Shutting down VM\n08-13 19:21:43.923 W/dalvikvm( 5545): threadid=1: thread exiting with uncaught exception (group=0x417fcc08)\n08-13 19:21:43.928 E/ACRA    ( 5545): ACRA caught a NullPointerException exception for com.boha.proximity.cms. Building report.\n08-13 19:21:43.948 D/ACRA    ( 5545): Using custom Report Fields\n08-13 19:21:43.968 I/ACRA    ( 5545): READ_LOGS granted! ACRA can include LogCat and DropBox data.\n08-13 19:21:43.993 D/ACRA    ( 5545): Retrieving logcat output...\n'),
	(9,NULL,'2014-08-13 21:29:44','com.boha.proximity.cms','1.0','1','samsung','GT-I9500','4.4.2','java.lang.RuntimeException: Unable to start activity ComponentInfo{com.boha.proximity.cms/com.boha.proximity.cms.BeaconListActivity}: java.lang.NullPointerException\n	at android.app.ActivityThread.performLaunchActivity(ActivityThread.java:2305)\n	at android.app.ActivityThread.handleLaunchActivity(ActivityThread.java:2363)\n	at android.app.ActivityThread.access$900(ActivityThread.java:161)\n	at android.app.ActivityThread$H.handleMessage(ActivityThread.java:1265)\n	at android.os.Handler.dispatchMessage(Handler.java:102)\n	at android.os.Looper.loop(Looper.java:157)\n	at android.app.ActivityThread.main(ActivityThread.java:5356)\n	at java.lang.reflect.Method.invokeNative(Native Method)\n	at java.lang.reflect.Method.invoke(Method.java:515)\n	at com.android.internal.os.ZygoteInit$MethodAndArgsCaller.run(ZygoteInit.java:1265)\n	at com.android.internal.os.ZygoteInit.main(ZygoteInit.java:1081)\n	at dalvik.system.NativeStart.main(Native Method)\nCaused by: java.lang.NullPointerException\n	at com.boha.proximity.cms.fragments.BeaconListFragment.setBranch(BeaconListFragment.java:111)\n	at com.boha.proximity.cms.BeaconListActivity.onCreate(BeaconListActivity.java:26)\n	at android.app.Activity.performCreate(Activity.java:5426)\n	at android.app.Instrumentation.callActivityOnCreate(Instrumentation.java:1105)\n	at android.app.ActivityThread.performLaunchActivity(ActivityThread.java:2269)\n	... 11 more\njava.lang.NullPointerException\n	at com.boha.proximity.cms.fragments.BeaconListFragment.setBranch(BeaconListFragment.java:111)\n	at com.boha.proximity.cms.BeaconListActivity.onCreate(BeaconListActivity.java:26)\n	at android.app.Activity.performCreate(Activity.java:5426)\n	at android.app.Instrumentation.callActivityOnCreate(Instrumentation.java:1105)\n	at android.app.ActivityThread.performLaunchActivity(ActivityThread.java:2269)\n	at android.app.ActivityThread.handleLaunchActivity(ActivityThread.java:2363)\n	at android.app.ActivityThread.access$900(ActivityThread.java:161)\n	at android.app.ActivityThread$H.handleMessage(ActivityThread.java:1265)\n	at android.os.Handler.dispatchMessage(Handler.java:102)\n	at android.os.Looper.loop(Looper.java:157)\n	at android.app.ActivityThread.main(ActivityThread.java:5356)\n	at java.lang.reflect.Method.invokeNative(Native Method)\n	at java.lang.reflect.Method.invoke(Method.java:515)\n	at com.android.internal.os.ZygoteInit$MethodAndArgsCaller.run(ZygoteInit.java:1265)\n	at com.android.internal.os.ZygoteInit.main(ZygoteInit.java:1081)\n	at dalvik.system.NativeStart.main(Native Method)\n','08-13 21:29:03.468 I/BohaRequest(18450): ...Cloud Server communication started ...\n08-13 21:29:03.543 I/BohaRequest(18450): response string length returned: 44\n08-13 21:29:03.568 E/BaseVolley(18450): Yup! ...response object received, status code: 0\n08-13 21:29:10.118 W/WebCheck(18450): ###### WIFI AVAILABLE on check\n08-13 21:29:10.118 W/WebCheck(18450): ###### WIFI CONNECTED on check\n08-13 21:29:10.118 W/WebCheck(18450): ###### MOBILE_NETWORK AVAILABLE on check\n08-13 21:29:10.118 D/WebCheck(18450): @@@ MOBILE_NETWORK NOT CONNECTED on check\n08-13 21:29:10.118 D/WebCheck(18450): ###### Network check completed in 5 ms\n08-13 21:29:10.118 E/BaseVolley(18450): ********** getRemoteData requestQueue is NOT NULL - Kool\n08-13 21:29:10.128 I/BaseVolley(18450): ...sending remote request: ....size: 140...>\n08-13 21:29:10.128 I/BaseVolley(18450): http://192.168.1.111:8050/proximity/admin?JSON={\"companyID\":8,\"branchID\":2,\"beaconID\":13,\"requestType\":22}\n08-13 21:29:10.128 I/BohaRequest(18450): ...Cloud Server communication started ...\n08-13 21:29:10.178 I/BohaRequest(18450): response string length returned: 74\n08-13 21:29:10.213 E/BaseVolley(18450): Yup! ...response object received, status code: 100\n08-13 21:29:10.213 W/BaseVolley(18450): Server Data Error, contact Blossum support\n08-13 21:29:23.813 W/InputEventReceiver(18450): Attempted to finish an input event but the input event receiver has already been disposed.\n08-13 21:29:23.813 W/InputEventReceiver(18450): Attempted to finish an input event but the input event receiver has already been disposed.\n08-13 21:29:23.813 E/ViewRootImpl(18450): sendUserActionEvent() mView == null\n08-13 21:29:23.813 D/AbsListView(18450): unregisterIRListener() is called \n08-13 21:29:23.813 W/ViewRootImpl(18450): Dropping event due to root view being removed: MotionEvent { action=ACTION_MOVE, id[0]=0, x[0]=856.0, y[0]=1437.0, toolType[0]=TOOL_TYPE_FINGER, buttonState=0, metaState=0, flags=0x0, edgeFlags=0x0, pointerCount=1, historySize=2, eventTime=1088736621, downTime=1088736586, deviceId=2, source=0x1002 }\n08-13 21:29:26.818 D/AbsListView(18450): onVisibilityChanged() is called, visibility : 0\n08-13 21:29:26.818 D/AbsListView(18450): unregisterIRListener() is called \n08-13 21:29:26.863 D/AbsListView(18450): unregisterIRListener() is called \n08-13 21:29:26.953 D/AbsListView(18450): unregisterIRListener() is called \n08-13 21:29:27.413 D/AbsListView(18450): onDetachedFromWindow\n08-13 21:29:27.413 D/AbsListView(18450): unregisterIRListener() is called \n08-13 21:29:29.653 D/AbsListView(18450): unregisterIRListener() is called \n08-13 21:29:29.658 W/ApplicationPackageManager(18450): getCSCPackageItemText()\n08-13 21:29:29.713 D/BeaconImageGridFragment(18450): ##### Fragment hosted by BeaconImageGridActivity\n08-13 21:29:29.728 D/AbsListView(18450): Get MotionRecognitionManager\n08-13 21:29:29.738 D/AbsListView(18450): onVisibilityChanged() is called, visibility : 4\n08-13 21:29:29.738 D/AbsListView(18450): unregisterIRListener() is called \n08-13 21:29:29.743 D/AbsListView(18450): onVisibilityChanged() is called, visibility : 0\n08-13 21:29:29.743 D/AbsListView(18450): unregisterIRListener() is called \n08-13 21:29:29.748 D/AbsListView(18450): unregisterIRListener() is called \n08-13 21:29:29.803 D/dalvikvm(18450): GC_FOR_ALLOC freed 4149K, 18% free 27112K/32752K, paused 49ms, total 49ms\n08-13 21:29:29.863 D/AbsListView(18450): unregisterIRListener() is called \n08-13 21:29:29.888 D/AbsListView(18450): unregisterIRListener() is called \n08-13 21:29:29.918 D/AbsListView(18450): unregisterIRListener() is called \n08-13 21:29:29.943 D/AbsListView(18450): unregisterIRListener() is called \n08-13 21:29:30.473 D/AbsListView(18450): onVisibilityChanged() is called, visibility : 4\n08-13 21:29:30.473 D/AbsListView(18450): unregisterIRListener() is called \n08-13 21:29:31.948 D/AbsListView(18450): onVisibilityChanged() is called, visibility : 0\n08-13 21:29:31.948 D/AbsListView(18450): unregisterIRListener() is called \n08-13 21:29:31.973 D/AbsListView(18450): unregisterIRListener() is called \n08-13 21:29:32.073 D/AbsListView(18450): unregisterIRListener() is called \n08-13 21:29:32.483 D/AbsListView(18450): onDetachedFromWindow\n08-13 21:29:32.483 D/AbsListView(18450): unregisterIRListener() is called \n08-13 21:29:33.118 D/AbsListView(18450): unregisterIRListener() is called \n08-13 21:29:33.118 W/ApplicationPackageManager(18450): getCSCPackageItemText()\n08-13 21:29:33.148 D/BeaconImageGridFragment(18450): ##### Fragment hosted by BeaconImageGridActivity\n08-13 21:29:33.158 D/AbsListView(18450): Get MotionRecognitionManager\n08-13 21:29:33.163 D/AbsListView(18450): onVisibilityChanged() is called, visibility : 4\n08-13 21:29:33.163 D/AbsListView(18450): unregisterIRListener() is called \n08-13 21:29:33.168 D/AbsListView(18450): onVisibilityChanged() is called, visibility : 0\n08-13 21:29:33.168 D/AbsListView(18450): unregisterIRListener() is called \n08-13 21:29:33.173 D/AbsListView(18450): unregisterIRListener() is called \n08-13 21:29:33.223 D/dalvikvm(18450): GC_FOR_ALLOC freed 3712K, 27% free 24037K/32752K, paused 30ms, total 30ms\n08-13 21:29:33.228 D/AbsListView(18450): [unregisterDoubleTapMotionListener]\n08-13 21:29:33.228 I/MotionRecognitionManager(18450):   .unregisterListener : / listener count = 0->0,  \n08-13 21:29:33.228 D/AbsListView(18450): unregisterIRListener() is called \n08-13 21:29:33.283 D/dalvikvm(18450): GC_FOR_ALLOC freed 413K, 27% free 24076K/32752K, paused 25ms, total 25ms\n08-13 21:29:33.288 I/dalvikvm-heap(18450): Grow heap (frag case) to 28.042MB for 3225616-byte allocation\n08-13 21:29:33.313 D/dalvikvm(18450): GC_FOR_ALLOC freed 2K, 25% free 27224K/35904K, paused 24ms, total 24ms\n08-13 21:29:33.318 D/AbsListView(18450): unregisterIRListener() is called \n08-13 21:29:33.348 D/AbsListView(18450): unregisterIRListener() is called \n08-13 21:29:33.373 D/AbsListView(18450): unregisterIRListener() is called \n08-13 21:29:33.393 D/AbsListView(18450): unregisterIRListener() is called \n08-13 21:29:33.468 D/AbsListView(18450): unregisterIRListener() is called \n08-13 21:29:33.953 D/AbsListView(18450): onVisibilityChanged() is called, visibility : 4\n08-13 21:29:33.953 D/AbsListView(18450): unregisterIRListener() is called \n08-13 21:29:36.698 D/AbsListView(18450): unregisterIRListener() is called \n08-13 21:29:39.778 W/WebCheck(18450): ###### WIFI AVAILABLE on check\n08-13 21:29:39.778 W/WebCheck(18450): ###### WIFI CONNECTED on check\n08-13 21:29:39.778 W/WebCheck(18450): ###### MOBILE_NETWORK AVAILABLE on check\n08-13 21:29:39.778 D/WebCheck(18450): @@@ MOBILE_NETWORK NOT CONNECTED on check\n08-13 21:29:39.778 D/WebCheck(18450): ###### Network check completed in 2 ms\n08-13 21:29:39.778 E/BaseVolley(18450): ********** getRemoteData requestQueue is NOT NULL - Kool\n08-13 21:29:39.788 I/BaseVolley(18450): ...sending remote request: ....size: 140...>\n08-13 21:29:39.788 I/BaseVolley(18450): http://192.168.1.111:8050/proximity/admin?JSON={\"companyID\":8,\"branchID\":2,\"beaconID\":11,\"requestType\":22}\n08-13 21:29:39.788 I/BohaRequest(18450): ...Cloud Server communication started ...\n08-13 21:29:39.838 I/BohaRequest(18450): response string length returned: 44\n08-13 21:29:39.863 E/BaseVolley(18450): Yup! ...response object received, status code: 0\n08-13 21:29:44.558 W/InputEventReceiver(18450): Attempted to finish an input event but the input event receiver has already been disposed.\n08-13 21:29:44.558 W/InputEventReceiver(18450): Attempted to finish an input event but the input event receiver has already been disposed.\n08-13 21:29:44.558 W/ViewRootImpl(18450): Dropping event due to root view being removed: MotionEvent { action=ACTION_MOVE, id[0]=0, x[0]=329.0, y[0]=1399.0, toolType[0]=TOOL_TYPE_FINGER, buttonState=0, metaState=0, flags=0x0, edgeFlags=0x0, pointerCount=1, historySize=2, eventTime=1088757372, downTime=1088757336, deviceId=2, source=0x1002 }\n08-13 21:29:44.563 D/AbsListView(18450): unregisterIRListener() is called \n08-13 21:29:44.568 E/ViewRootImpl(18450): sendUserActionEvent() mView == null\n08-13 21:29:45.933 D/AbsListView(18450): unregisterIRListener() is called \n08-13 21:29:45.938 D/AbsListView(18450): onDetachedFromWindow\n08-13 21:29:45.938 D/AbsListView(18450): unregisterIRListener() is called \n08-13 21:29:45.943 W/ApplicationPackageManager(18450): getCSCPackageItemText()\n08-13 21:29:45.978 E/BeaconListFragment(18450): ##### Fragment hosted by BeaconListActivity\n08-13 21:29:45.988 D/AbsListView(18450): Get MotionRecognitionManager\n08-13 21:29:45.998 D/AndroidRuntime(18450): Shutting down VM\n08-13 21:29:45.998 W/dalvikvm(18450): threadid=1: thread exiting with uncaught exception (group=0x417fcc08)\n08-13 21:29:46.003 E/ACRA    (18450): ACRA caught a RuntimeException exception for com.boha.proximity.cms. Building report.\n08-13 21:29:46.008 D/ACRA    (18450): Using custom Report Fields\n08-13 21:29:46.043 I/ACRA    (18450): READ_LOGS granted! ACRA can include LogCat and DropBox data.\n08-13 21:29:46.078 D/ACRA    (18450): Retrieving logcat output...\n'),
	(10,NULL,'2014-09-10 08:51:01','com.boha.proximity','1.0','1','samsung','GT-I9500','4.4.2','java.lang.NullPointerException\n	at com.boha.beacon.beaconsapp.MainPagerActivity.visitorTracking(MainPagerActivity.java:103)\n	at com.boha.beacon.beaconsapp.MainPagerActivity.buildPages(MainPagerActivity.java:94)\n	at com.boha.beacon.beaconsapp.MainPagerActivity.access$300(MainPagerActivity.java:41)\n	at com.boha.beacon.beaconsapp.MainPagerActivity$2.onBeaconsDiscovered(MainPagerActivity.java:148)\n	at com.estimote.sdk.BeaconManager$IncomingHandler.handleMessage(BeaconManager.java:479)\n	at android.os.Handler.dispatchMessage(Handler.java:102)\n	at android.os.Looper.loop(Looper.java:157)\n	at android.app.ActivityThread.main(ActivityThread.java:5356)\n	at java.lang.reflect.Method.invokeNative(Native Method)\n	at java.lang.reflect.Method.invoke(Method.java:515)\n	at com.android.internal.os.ZygoteInit$MethodAndArgsCaller.run(ZygoteInit.java:1265)\n	at com.android.internal.os.ZygoteInit.main(ZygoteInit.java:1081)\n	at dalvik.system.NativeStart.main(Native Method)\n','09-10 08:50:51.961 W/com.boha.beacon.beaconsapp.MainPagerActivity(12840): macAddress: D6:9B:AD:4E:9C:9C\n09-10 08:50:51.961 W/com.boha.beacon.beaconsapp.MainPagerActivity(12840):  getProximityUUID: b9407f30-f5f8-466e-aff9-25556b57fe6d\n09-10 08:50:51.961 W/com.boha.beacon.beaconsapp.MainPagerActivity(12840): major: 40092 minor: 44366\n09-10 08:50:51.961 W/com.boha.beacon.beaconsapp.MainPagerActivity(12840): measuredPower: -74\n09-10 08:50:51.961 W/com.boha.beacon.beaconsapp.MainPagerActivity(12840): Distance: 0.6395912305309792\n09-10 08:50:51.961 W/com.boha.beacon.beaconsapp.MainPagerActivity(12840): RSSI: -71\n09-10 08:50:51.961 D/BluetoothAdapter(12840): startLeScan(): null\n09-10 08:50:51.966 D/BluetoothAdapter(12840): onClientRegistered() - status=0 clientIf=5\n09-10 08:50:56.976 D/dalvikvm(13620): Late-enabling CheckJNI\n09-10 08:50:57.106 I/com.boha.proximity.library.ProximityApplication(13620): ***************************** BeaconsApp starting...\n09-10 08:50:57.116 E/BohaVolley(13620): initializing Volley Networking ...\n09-10 08:50:57.156 I/BohaVolley(13620): ********** Yebo! Volley Networking has been initialized, cache size: 32768 KB\n09-10 08:50:57.176 D/ACRA    (13620): ACRA is enabled for com.boha.proximity, intializing...\n09-10 08:50:57.426 D/ACRA    (13620): Looking for error files in /data/data/com.boha.proximity/files\n09-10 08:50:57.426 E/com.boha.proximity.library.ProximityApplication(13620): ###### ACRA Crash Reporting has been initiated\n09-10 08:50:57.446 W/ApplicationPackageManager(13620): getCSCPackageItemText()\n09-10 08:50:57.546 D/com.boha.beacon.beaconsapp.MainPagerActivity(13620): ############# onStart - checking for bluetooth support\n09-10 08:50:57.571 E/com.boha.beacon.beaconsapp.MainPagerActivity(13620): ################# connectToService - start ranging...\n09-10 08:50:57.576 I/com.boha.beacon.beaconsapp.MainPagerActivity(13620): %%%%%%%%%%%%% onResume\n09-10 08:50:57.576 E/com.boha.beacon.beaconsapp.MainPagerActivity(13620): getCachedBeaconList =============== ...\n09-10 08:50:57.591 I/EstimoteSDK(13620): com.estimote.sdk.service.BeaconService.onCreate:186 Creating service\n09-10 08:50:57.756 D/OpenGLRenderer(13620): Enabling debug mode 0\n09-10 08:50:57.781 E/com.boha.beacon.beaconsapp.MainPagerActivity(13620): -------------------- onCreateOptionsMenu\n09-10 08:50:57.796 D/CacheUtil(13620): ################ getting cached data ..................\n09-10 08:50:57.801 E/CacheUtil(13620): ########### doInBackground: getting cached data ....\n09-10 08:50:57.891 D/BluetoothAdapter(13620): startLeScan(): null\n09-10 08:50:57.971 W/CacheUtil(13620): $$$$$$$$$$$$ cached data retrieved\n09-10 08:50:57.976 I/EstimoteSDK(13620): com.estimote.sdk.BeaconManager.startRanging:359 Region already ranged but that\'s OK: Region{identifier=rid, proximityUUID=null, major=null, minor=null}\n09-10 08:50:58.021 D/BluetoothAdapter(13620): onClientRegistered() - status=0 clientIf=5\n09-10 08:50:58.296 D/BluetoothAdapter(13620): onScanResult() - Device=D6:9B:AD:4E:9C:9C RSSI=-70\n09-10 08:50:59.026 D/BluetoothAdapter(13620): stopLeScan()\n09-10 08:50:59.041 E/com.boha.beacon.beaconsapp.MainPagerActivity(13620): ***** Beacons discovered .... Yeah! 1  region: rid\n09-10 08:50:59.041 W/com.boha.beacon.beaconsapp.MainPagerActivity(13620): Beacon name: estimote \n09-10 08:50:59.041 W/com.boha.beacon.beaconsapp.MainPagerActivity(13620): macAddress: D6:9B:AD:4E:9C:9C\n09-10 08:50:59.041 W/com.boha.beacon.beaconsapp.MainPagerActivity(13620):  getProximityUUID: b9407f30-f5f8-466e-aff9-25556b57fe6d\n09-10 08:50:59.041 W/com.boha.beacon.beaconsapp.MainPagerActivity(13620): major: 40092 minor: 44366\n09-10 08:50:59.041 W/com.boha.beacon.beaconsapp.MainPagerActivity(13620): measuredPower: -74\n09-10 08:50:59.041 W/com.boha.beacon.beaconsapp.MainPagerActivity(13620): Distance: 0.5513369627843804\n09-10 08:50:59.041 W/com.boha.beacon.beaconsapp.MainPagerActivity(13620): RSSI: -70\n09-10 08:50:59.046 W/WebCheck(13620): ###### WIFI AVAILABLE on check\n09-10 08:50:59.046 W/WebCheck(13620): ###### WIFI CONNECTED on check\n09-10 08:50:59.046 W/WebCheck(13620): ###### MOBILE_NETWORK AVAILABLE on check\n09-10 08:50:59.046 D/WebCheck(13620): @@@ MOBILE_NETWORK NOT CONNECTED on check\n09-10 08:50:59.046 D/WebCheck(13620): ###### Network check completed in 4 ms\n09-10 08:50:59.046 W/BaseVolley(13620): getRemoteData requestQueue is null, getting it ...: \n09-10 08:50:59.056 D/BluetoothAdapter(13620): startLeScan(): null\n09-10 08:50:59.061 D/BluetoothAdapter(13620): onClientRegistered() - status=0 clientIf=5\n09-10 08:50:59.106 I/BaseVolley(13620): ...sending remote request: ....size: 211...>\n09-10 08:50:59.106 I/BaseVolley(13620): http://192.168.1.111:8050/prox/admin?JSON={\"macAddress\":\"D6:9B:AD:4E:9C:9C\",\"companyID\":0,\"requestType\":12,\"branchID\":0,\"visitorID\":0,\"beaconID\":0}\n09-10 08:50:59.106 I/BohaRequest(13620): ...Cloud Server communication started ...\n09-10 08:50:59.106 E/com.boha.beacon.beaconsapp.MainPagerActivity(13620): ***** RANGING STOPPED...maybe..at least I asked!\n09-10 08:50:59.106 E/com.boha.beacon.beaconsapp.MainPagerActivity(13620): ***** Beacons discovered .... Yeah! 1  region: rid\n09-10 08:50:59.116 W/com.boha.beacon.beaconsapp.MainPagerActivity(13620): Beacon name: estimote \n09-10 08:50:59.116 W/com.boha.beacon.beaconsapp.MainPagerActivity(13620): macAddress: D6:9B:AD:4E:9C:9C\n09-10 08:50:59.116 W/com.boha.beacon.beaconsapp.MainPagerActivity(13620):  getProximityUUID: b9407f30-f5f8-466e-aff9-25556b57fe6d\n09-10 08:50:59.116 W/com.boha.beacon.beaconsapp.MainPagerActivity(13620): major: 40092 minor: 44366\n09-10 08:50:59.116 W/com.boha.beacon.beaconsapp.MainPagerActivity(13620): measuredPower: -74\n09-10 08:50:59.116 W/com.boha.beacon.beaconsapp.MainPagerActivity(13620): Distance: 0.5513369627843804\n09-10 08:50:59.116 W/com.boha.beacon.beaconsapp.MainPagerActivity(13620): RSSI: -70\n09-10 08:50:59.116 W/WebCheck(13620): ###### WIFI AVAILABLE on check\n09-10 08:50:59.116 W/WebCheck(13620): ###### WIFI CONNECTED on check\n09-10 08:50:59.116 W/WebCheck(13620): ###### MOBILE_NETWORK AVAILABLE on check\n09-10 08:50:59.116 D/WebCheck(13620): @@@ MOBILE_NETWORK NOT CONNECTED on check\n09-10 08:50:59.116 D/WebCheck(13620): ###### Network check completed in 3 ms\n09-10 08:50:59.116 E/BaseVolley(13620): ********** getRemoteData requestQueue is NOT NULL - Kool\n09-10 08:50:59.126 D/BluetoothAdapter(13620): stopLeScan()\n09-10 08:50:59.171 I/BaseVolley(13620): ...sending remote request: ....size: 211...>\n09-10 08:50:59.171 I/BaseVolley(13620): http://192.168.1.111:8050/prox/admin?JSON={\"macAddress\":\"D6:9B:AD:4E:9C:9C\",\"companyID\":0,\"requestType\":12,\"branchID\":0,\"visitorID\":0,\"beaconID\":0}\n09-10 08:50:59.171 I/BohaRequest(13620): ...Cloud Server communication started ...\n09-10 08:50:59.171 E/com.boha.beacon.beaconsapp.MainPagerActivity(13620): ***** RANGING STOPPED...maybe..at least I asked!\n09-10 08:50:59.171 D/BluetoothAdapter(13620): stopLeScan()\n09-10 08:50:59.311 I/System.out(13620): Thread-914(HTTPLog):SmartBonding Enabling is false, log to file is false, DBG is false\n09-10 08:50:59.356 I/BohaRequest(13620): response string length returned: 320\n09-10 08:50:59.386 E/BaseVolley(13620): Yup! ...response object received, status code: 0\n09-10 08:50:59.391 W/CacheUtil(13620): ......Data cache json written to disk,  - path: /data/data/com.boha.proximity/files/beacondata.json - length: 319\n09-10 08:50:59.426 I/BohaRequest(13620): response string length returned: 320\n09-10 08:50:59.431 D/BluetoothAdapter(13620): startLeScan(): null\n09-10 08:50:59.436 D/BluetoothAdapter(13620): onClientRegistered() - status=0 clientIf=5\n09-10 08:50:59.481 E/BaseVolley(13620): Yup! ...response object received, status code: 0\n09-10 08:50:59.481 I/EstimoteSDK(13620): com.estimote.sdk.BeaconManager.startRanging:359 Region already ranged but that\'s OK: Region{identifier=rid, proximityUUID=null, major=null, minor=null}\n09-10 08:50:59.486 W/CacheUtil(13620): ......Data cache json written to disk,  - path: /data/data/com.boha.proximity/files/beacondata.json - length: 319\n09-10 08:51:00.206 D/BluetoothAdapter(13620): onScanResult() - Device=D6:9B:AD:4E:9C:9C RSSI=-68\n09-10 08:51:00.441 D/BluetoothAdapter(13620): stopLeScan()\n09-10 08:51:00.451 E/com.boha.beacon.beaconsapp.MainPagerActivity(13620): ***** Beacons discovered .... Yeah! 1  region: rid\n09-10 08:51:00.451 W/com.boha.beacon.beaconsapp.MainPagerActivity(13620): Beacon name: estimote \n09-10 08:51:00.451 W/com.boha.beacon.beaconsapp.MainPagerActivity(13620): macAddress: D6:9B:AD:4E:9C:9C\n09-10 08:51:00.451 W/com.boha.beacon.beaconsapp.MainPagerActivity(13620):  getProximityUUID: b9407f30-f5f8-466e-aff9-25556b57fe6d\n09-10 08:51:00.451 W/com.boha.beacon.beaconsapp.MainPagerActivity(13620): major: 40092 minor: 44366\n09-10 08:51:00.451 W/com.boha.beacon.beaconsapp.MainPagerActivity(13620): measuredPower: -74\n09-10 08:51:00.451 W/com.boha.beacon.beaconsapp.MainPagerActivity(13620): Distance: 0.41856988869951295\n09-10 08:51:00.451 W/com.boha.beacon.beaconsapp.MainPagerActivity(13620): RSSI: -68\n09-10 08:51:00.451 E/com.boha.beacon.beaconsapp.MainPagerActivity(13620): #############---> building pages for beacon, company: The Famous Big Store branch: Bryanston\n09-10 08:51:00.451 D/BluetoothAdapter(13620): startLeScan(): null\n09-10 08:51:00.456 D/BluetoothAdapter(13620): onClientRegistered() - status=0 clientIf=5\n09-10 08:51:00.456 D/AndroidRuntime(13620): Shutting down VM\n09-10 08:51:00.456 W/dalvikvm(13620): threadid=1: thread exiting with uncaught exception (group=0x417e7c08)\n09-10 08:51:00.456 E/ACRA    (13620): ACRA caught a NullPointerException exception for com.boha.proximity. Building report.\n09-10 08:51:00.461 D/ACRA    (13620): Using custom Report Fields\n09-10 08:51:00.471 I/ACRA    (13620): READ_LOGS granted! ACRA can include LogCat and DropBox data.\n09-10 08:51:00.501 D/ACRA    (13620): Retrieving logcat output...\n'),
	(11,NULL,'2014-09-10 08:54:04','com.boha.proximity','1.0','1','samsung','GT-I9500','4.4.2','java.lang.NullPointerException\n	at com.boha.beacon.beaconsapp.MainPagerActivity.visitorTracking(MainPagerActivity.java:103)\n	at com.boha.beacon.beaconsapp.MainPagerActivity.buildPages(MainPagerActivity.java:94)\n	at com.boha.beacon.beaconsapp.MainPagerActivity.access$300(MainPagerActivity.java:41)\n	at com.boha.beacon.beaconsapp.MainPagerActivity$2.onBeaconsDiscovered(MainPagerActivity.java:148)\n	at com.estimote.sdk.BeaconManager$IncomingHandler.handleMessage(BeaconManager.java:479)\n	at android.os.Handler.dispatchMessage(Handler.java:102)\n	at android.os.Looper.loop(Looper.java:157)\n	at android.app.ActivityThread.main(ActivityThread.java:5356)\n	at java.lang.reflect.Method.invokeNative(Native Method)\n	at java.lang.reflect.Method.invoke(Method.java:515)\n	at com.android.internal.os.ZygoteInit$MethodAndArgsCaller.run(ZygoteInit.java:1265)\n	at com.android.internal.os.ZygoteInit.main(ZygoteInit.java:1081)\n	at dalvik.system.NativeStart.main(Native Method)\n','--------- beginning of /dev/log/main\n09-10 08:53:50.191 D/BluetoothAdapter(13620): onScanResult() - Device=D6:9B:AD:4E:9C:9C RSSI=-60\n09-10 08:53:51.151 D/BluetoothAdapter(13620): onScanResult() - Device=D6:9B:AD:4E:9C:9C RSSI=-61\n09-10 08:53:57.461 D/dalvikvm(14195): Late-enabling CheckJNI\n09-10 08:53:57.571 I/com.boha.proximity.library.ProximityApplication(14195): ***************************** BeaconsApp starting...\n09-10 08:53:57.571 E/BohaVolley(14195): initializing Volley Networking ...\n09-10 08:53:57.586 I/BohaVolley(14195): ********** Yebo! Volley Networking has been initialized, cache size: 32768 KB\n09-10 08:53:57.591 D/ACRA    (14195): ACRA is enabled for com.boha.proximity, intializing...\n09-10 08:53:57.611 D/ACRA    (14195): Looking for error files in /data/data/com.boha.proximity/files\n09-10 08:53:57.611 E/com.boha.proximity.library.ProximityApplication(14195): ###### ACRA Crash Reporting has been initiated\n09-10 08:53:57.621 W/ApplicationPackageManager(14195): getCSCPackageItemText()\n09-10 08:53:57.761 D/com.boha.beacon.beaconsapp.MainPagerActivity(14195): ############# onStart - checking for bluetooth support\n09-10 08:53:57.786 E/com.boha.beacon.beaconsapp.MainPagerActivity(14195): ################# connectToService - start ranging...\n09-10 08:53:57.791 I/com.boha.beacon.beaconsapp.MainPagerActivity(14195): %%%%%%%%%%%%% onResume\n09-10 08:53:57.791 E/com.boha.beacon.beaconsapp.MainPagerActivity(14195): getCachedBeaconList =============== ...\n09-10 08:53:57.821 I/EstimoteSDK(14195): com.estimote.sdk.service.BeaconService.onCreate:186 Creating service\n09-10 08:53:57.971 D/OpenGLRenderer(14195): Enabling debug mode 0\n09-10 08:53:57.996 E/com.boha.beacon.beaconsapp.MainPagerActivity(14195): -------------------- onCreateOptionsMenu\n09-10 08:53:58.001 D/CacheUtil(14195): ################ getting cached data ..................\n09-10 08:53:58.006 E/CacheUtil(14195): ########### doInBackground: getting cached data ....\n09-10 08:53:58.136 D/BluetoothAdapter(14195): startLeScan(): null\n09-10 08:53:58.236 W/CacheUtil(14195): $$$$$$$$$$$$ cached data retrieved\n09-10 08:53:58.236 I/EstimoteSDK(14195): com.estimote.sdk.BeaconManager.startRanging:359 Region already ranged but that\'s OK: Region{identifier=rid, proximityUUID=null, major=null, minor=null}\n09-10 08:53:58.296 D/BluetoothAdapter(14195): onClientRegistered() - status=0 clientIf=5\n09-10 08:53:58.791 D/BluetoothAdapter(14195): onScanResult() - Device=D6:9B:AD:4E:9C:9C RSSI=-62\n09-10 08:53:59.736 D/BluetoothAdapter(14195): onScanResult() - Device=D6:9B:AD:4E:9C:9C RSSI=-62\n09-10 08:54:00.696 D/BluetoothAdapter(14195): onScanResult() - Device=D6:9B:AD:4E:9C:9C RSSI=-65\n09-10 08:54:01.651 D/BluetoothAdapter(14195): onScanResult() - Device=D6:9B:AD:4E:9C:9C RSSI=-61\n09-10 08:54:02.606 D/BluetoothAdapter(14195): onScanResult() - Device=D6:9B:AD:4E:9C:9C RSSI=-61\n09-10 08:54:02.831 D/BluetoothAdapter(14195): stopLeScan()\n09-10 08:54:02.836 E/com.boha.beacon.beaconsapp.MainPagerActivity(14195): ***** Beacons discovered .... Yeah! 1  region: rid\n09-10 08:54:02.836 W/com.boha.beacon.beaconsapp.MainPagerActivity(14195): Beacon name: estimote \n09-10 08:54:02.836 W/com.boha.beacon.beaconsapp.MainPagerActivity(14195): macAddress: D6:9B:AD:4E:9C:9C\n09-10 08:54:02.836 W/com.boha.beacon.beaconsapp.MainPagerActivity(14195):  getProximityUUID: b9407f30-f5f8-466e-aff9-25556b57fe6d\n09-10 08:54:02.836 W/com.boha.beacon.beaconsapp.MainPagerActivity(14195): major: 40092 minor: 44366\n09-10 08:54:02.836 W/com.boha.beacon.beaconsapp.MainPagerActivity(14195): measuredPower: -74\n09-10 08:54:02.836 W/com.boha.beacon.beaconsapp.MainPagerActivity(14195): Distance: 0.17333602268971005\n09-10 08:54:02.836 W/com.boha.beacon.beaconsapp.MainPagerActivity(14195): RSSI: -62\n09-10 08:54:02.841 W/WebCheck(14195): ###### WIFI AVAILABLE on check\n09-10 08:54:02.841 W/WebCheck(14195): ###### WIFI CONNECTED on check\n09-10 08:54:02.841 W/WebCheck(14195): ###### MOBILE_NETWORK AVAILABLE on check\n09-10 08:54:02.841 D/WebCheck(14195): @@@ MOBILE_NETWORK NOT CONNECTED on check\n09-10 08:54:02.841 D/WebCheck(14195): ###### Network check completed in 2 ms\n09-10 08:54:02.841 W/BaseVolley(14195): getRemoteData requestQueue is null, getting it ...: \n09-10 08:54:02.841 D/BluetoothAdapter(14195): startLeScan(): null\n09-10 08:54:02.851 D/BluetoothAdapter(14195): onClientRegistered() - status=0 clientIf=5\n09-10 08:54:02.866 I/BaseVolley(14195): ...sending remote request: ....size: 211...>\n09-10 08:54:02.866 I/BaseVolley(14195): http://192.168.1.111:8050/prox/admin?JSON={\"macAddress\":\"D6:9B:AD:4E:9C:9C\",\"companyID\":0,\"requestType\":12,\"branchID\":0,\"visitorID\":0,\"beaconID\":0}\n09-10 08:54:02.866 I/BohaRequest(14195): ...Cloud Server communication started ...\n09-10 08:54:02.866 E/com.boha.beacon.beaconsapp.MainPagerActivity(14195): ***** RANGING STOPPED...maybe..at least I asked!\n09-10 08:54:02.866 E/com.boha.beacon.beaconsapp.MainPagerActivity(14195): ***** Beacons discovered .... Yeah! 1  region: rid\n09-10 08:54:02.866 W/com.boha.beacon.beaconsapp.MainPagerActivity(14195): Beacon name: estimote \n09-10 08:54:02.866 W/com.boha.beacon.beaconsapp.MainPagerActivity(14195): macAddress: D6:9B:AD:4E:9C:9C\n09-10 08:54:02.866 W/com.boha.beacon.beaconsapp.MainPagerActivity(14195):  getProximityUUID: b9407f30-f5f8-466e-aff9-25556b57fe6d\n09-10 08:54:02.866 W/com.boha.beacon.beaconsapp.MainPagerActivity(14195): major: 40092 minor: 44366\n09-10 08:54:02.866 W/com.boha.beacon.beaconsapp.MainPagerActivity(14195): measuredPower: -74\n09-10 08:54:02.866 W/com.boha.beacon.beaconsapp.MainPagerActivity(14195): Distance: 0.17333602268971005\n09-10 08:54:02.866 W/com.boha.beacon.beaconsapp.MainPagerActivity(14195): RSSI: -62\n09-10 08:54:02.866 W/WebCheck(14195): ###### WIFI AVAILABLE on check\n09-10 08:54:02.866 W/WebCheck(14195): ###### WIFI CONNECTED on check\n09-10 08:54:02.866 W/WebCheck(14195): ###### MOBILE_NETWORK AVAILABLE on check\n09-10 08:54:02.866 D/WebCheck(14195): @@@ MOBILE_NETWORK NOT CONNECTED on check\n09-10 08:54:02.866 D/WebCheck(14195): ###### Network check completed in 2 ms\n09-10 08:54:02.866 E/BaseVolley(14195): ********** getRemoteData requestQueue is NOT NULL - Kool\n09-10 08:54:02.871 D/BluetoothAdapter(14195): stopLeScan()\n09-10 08:54:02.886 I/BaseVolley(14195): ...sending remote request: ....size: 211...>\n09-10 08:54:02.886 I/BaseVolley(14195): http://192.168.1.111:8050/prox/admin?JSON={\"macAddress\":\"D6:9B:AD:4E:9C:9C\",\"companyID\":0,\"requestType\":12,\"branchID\":0,\"visitorID\":0,\"beaconID\":0}\n09-10 08:54:02.886 I/BohaRequest(14195): ...Cloud Server communication started ...\n09-10 08:54:02.886 E/com.boha.beacon.beaconsapp.MainPagerActivity(14195): ***** RANGING STOPPED...maybe..at least I asked!\n09-10 08:54:02.886 D/BluetoothAdapter(14195): stopLeScan()\n09-10 08:54:02.931 I/System.out(14195): Thread-952(HTTPLog):SmartBonding Enabling is false, log to file is false, DBG is false\n09-10 08:54:03.001 I/BohaRequest(14195): response string length returned: 320\n09-10 08:54:03.041 E/BaseVolley(14195): Yup! ...response object received, status code: 0\n09-10 08:54:03.041 W/CacheUtil(14195): ......Data cache json written to disk,  - path: /data/data/com.boha.proximity/files/beacondata.json - length: 319\n09-10 08:54:03.076 D/BluetoothAdapter(14195): startLeScan(): null\n09-10 08:54:03.076 D/BluetoothAdapter(14195): onClientRegistered() - status=0 clientIf=5\n09-10 08:54:03.091 I/BohaRequest(14195): response string length returned: 320\n09-10 08:54:03.126 E/BaseVolley(14195): Yup! ...response object received, status code: 0\n09-10 08:54:03.126 I/EstimoteSDK(14195): com.estimote.sdk.BeaconManager.startRanging:359 Region already ranged but that\'s OK: Region{identifier=rid, proximityUUID=null, major=null, minor=null}\n09-10 08:54:03.131 W/CacheUtil(14195): ......Data cache json written to disk,  - path: /data/data/com.boha.proximity/files/beacondata.json - length: 319\n09-10 08:54:03.566 D/BluetoothAdapter(14195): onScanResult() - Device=D6:9B:AD:4E:9C:9C RSSI=-63\n09-10 08:54:04.086 D/BluetoothAdapter(14195): stopLeScan()\n09-10 08:54:04.096 E/com.boha.beacon.beaconsapp.MainPagerActivity(14195): ***** Beacons discovered .... Yeah! 1  region: rid\n09-10 08:54:04.096 W/com.boha.beacon.beaconsapp.MainPagerActivity(14195): Beacon name: estimote \n09-10 08:54:04.096 W/com.boha.beacon.beaconsapp.MainPagerActivity(14195): macAddress: D6:9B:AD:4E:9C:9C\n09-10 08:54:04.096 W/com.boha.beacon.beaconsapp.MainPagerActivity(14195):  getProximityUUID: b9407f30-f5f8-466e-aff9-25556b57fe6d\n09-10 08:54:04.096 W/com.boha.beacon.beaconsapp.MainPagerActivity(14195): major: 40092 minor: 44366\n09-10 08:54:04.096 W/com.boha.beacon.beaconsapp.MainPagerActivity(14195): measuredPower: -74\n09-10 08:54:04.096 W/com.boha.beacon.beaconsapp.MainPagerActivity(14195): Distance: 0.20200950705263132\n09-10 08:54:04.096 W/com.boha.beacon.beaconsapp.MainPagerActivity(14195): RSSI: -63\n09-10 08:54:04.096 E/com.boha.beacon.beaconsapp.MainPagerActivity(14195): #############---> building pages for beacon, company: The Famous Big Store branch: Bryanston\n09-10 08:54:04.101 D/AndroidRuntime(14195): Shutting down VM\n09-10 08:54:04.101 W/dalvikvm(14195): threadid=1: thread exiting with uncaught exception (group=0x417e7c08)\n09-10 08:54:04.101 D/BluetoothAdapter(14195): startLeScan(): null\n09-10 08:54:04.101 E/ACRA    (14195): ACRA caught a NullPointerException exception for com.boha.proximity. Building report.\n09-10 08:54:04.101 D/ACRA    (14195): Using custom Report Fields\n09-10 08:54:04.116 I/ACRA    (14195): READ_LOGS granted! ACRA can include LogCat and DropBox data.\n09-10 08:54:04.151 D/ACRA    (14195): Retrieving logcat output...\n'),
	(12,NULL,'2014-09-10 08:55:11','com.boha.proximity','1.0','1','samsung','GT-I9500','4.4.2','java.lang.RuntimeException: Unable to start activity ComponentInfo{com.boha.proximity/com.boha.beacon.beaconsapp.RegistrationActivity}: java.lang.NullPointerException\n	at android.app.ActivityThread.performLaunchActivity(ActivityThread.java:2305)\n	at android.app.ActivityThread.handleLaunchActivity(ActivityThread.java:2363)\n	at android.app.ActivityThread.access$900(ActivityThread.java:161)\n	at android.app.ActivityThread$H.handleMessage(ActivityThread.java:1265)\n	at android.os.Handler.dispatchMessage(Handler.java:102)\n	at android.os.Looper.loop(Looper.java:157)\n	at android.app.ActivityThread.main(ActivityThread.java:5356)\n	at java.lang.reflect.Method.invokeNative(Native Method)\n	at java.lang.reflect.Method.invoke(Method.java:515)\n	at com.android.internal.os.ZygoteInit$MethodAndArgsCaller.run(ZygoteInit.java:1265)\n	at com.android.internal.os.ZygoteInit.main(ZygoteInit.java:1081)\n	at dalvik.system.NativeStart.main(Native Method)\nCaused by: java.lang.NullPointerException\n	at android.preference.PreferenceManager.getDefaultSharedPreferencesName(PreferenceManager.java:374)\n	at android.preference.PreferenceManager.getDefaultSharedPreferences(PreferenceManager.java:369)\n	at com.boha.proximity.util.SharedUtil.getVisitor(SharedUtil.java:49)\n	at com.boha.beacon.beaconsapp.RegistrationActivity.onCreate(RegistrationActivity.java:37)\n	at android.app.Activity.performCreate(Activity.java:5426)\n	at android.app.Instrumentation.callActivityOnCreate(Instrumentation.java:1105)\n	at android.app.ActivityThread.performLaunchActivity(ActivityThread.java:2269)\n	... 11 more\njava.lang.NullPointerException\n	at android.preference.PreferenceManager.getDefaultSharedPreferencesName(PreferenceManager.java:374)\n	at android.preference.PreferenceManager.getDefaultSharedPreferences(PreferenceManager.java:369)\n	at com.boha.proximity.util.SharedUtil.getVisitor(SharedUtil.java:49)\n	at com.boha.beacon.beaconsapp.RegistrationActivity.onCreate(RegistrationActivity.java:37)\n	at android.app.Activity.performCreate(Activity.java:5426)\n	at android.app.Instrumentation.callActivityOnCreate(Instrumentation.java:1105)\n	at android.app.ActivityThread.performLaunchActivity(ActivityThread.java:2269)\n	at android.app.ActivityThread.handleLaunchActivity(ActivityThread.java:2363)\n	at android.app.ActivityThread.access$900(ActivityThread.java:161)\n	at android.app.ActivityThread$H.handleMessage(ActivityThread.java:1265)\n	at android.os.Handler.dispatchMessage(Handler.java:102)\n	at android.os.Looper.loop(Looper.java:157)\n	at android.app.ActivityThread.main(ActivityThread.java:5356)\n	at java.lang.reflect.Method.invokeNative(Native Method)\n	at java.lang.reflect.Method.invoke(Method.java:515)\n	at com.android.internal.os.ZygoteInit$MethodAndArgsCaller.run(ZygoteInit.java:1265)\n	at com.android.internal.os.ZygoteInit.main(ZygoteInit.java:1081)\n	at dalvik.system.NativeStart.main(Native Method)\n','--------- beginning of /dev/log/main\n09-10 08:55:03.731 D/BluetoothAdapter(14195): onScanResult() - Device=D6:9B:AD:4E:9C:9C RSSI=-61\n09-10 08:55:04.686 D/BluetoothAdapter(14195): onScanResult() - Device=D6:9B:AD:4E:9C:9C RSSI=-61\n09-10 08:55:05.651 D/BluetoothAdapter(14195): onScanResult() - Device=D6:9B:AD:4E:9C:9C RSSI=-66\n09-10 08:55:10.476 D/dalvikvm(14768): Late-enabling CheckJNI\n09-10 08:55:10.781 I/com.boha.proximity.library.ProximityApplication(14768): ***************************** BeaconsApp starting...\n09-10 08:55:10.781 E/BohaVolley(14768): initializing Volley Networking ...\n09-10 08:55:10.796 I/BohaVolley(14768): ********** Yebo! Volley Networking has been initialized, cache size: 32768 KB\n09-10 08:55:10.806 D/ACRA    (14768): ACRA is enabled for com.boha.proximity, intializing...\n09-10 08:55:10.821 D/ACRA    (14768): Looking for error files in /data/data/com.boha.proximity/files\n09-10 08:55:10.826 E/com.boha.proximity.library.ProximityApplication(14768): ###### ACRA Crash Reporting has been initiated\n09-10 08:55:10.836 W/ApplicationPackageManager(14768): getCSCPackageItemText()\n09-10 08:55:10.966 D/AndroidRuntime(14768): Shutting down VM\n09-10 08:55:10.966 W/dalvikvm(14768): threadid=1: thread exiting with uncaught exception (group=0x417e7c08)\n09-10 08:55:10.966 E/ACRA    (14768): ACRA caught a RuntimeException exception for com.boha.proximity. Building report.\n09-10 08:55:10.966 D/ACRA    (14768): Using custom Report Fields\n09-10 08:55:10.971 I/ACRA    (14768): READ_LOGS granted! ACRA can include LogCat and DropBox data.\n09-10 08:55:11.006 D/ACRA    (14768): Retrieving logcat output...\n');

/*!40000 ALTER TABLE `errorStoreAndroid` ENABLE KEYS */;
UNLOCK TABLES;


# Dump of table visitor
# ------------------------------------------------------------

DROP TABLE IF EXISTS `visitor`;

CREATE TABLE `visitor` (
  `visitorID` int(10) unsigned NOT NULL AUTO_INCREMENT,
  `firstName` varchar(100) DEFAULT NULL,
  `lastName` varchar(100) DEFAULT NULL,
  `email` varchar(50) NOT NULL,
  `dateRegistered` datetime NOT NULL,
  PRIMARY KEY (`visitorID`),
  UNIQUE KEY `email` (`email`)
) ENGINE=InnoDB DEFAULT CHARSET=latin1;

LOCK TABLES `visitor` WRITE;
/*!40000 ALTER TABLE `visitor` DISABLE KEYS */;

INSERT INTO `visitor` (`visitorID`, `firstName`, `lastName`, `email`, `dateRegistered`)
VALUES
	(1,'Tiger','Malabie','tiger.malenga@gmail.com','2014-09-10 09:13:49'),
	(2,'Aubrey','Malabie','aubrey.malabie@gmail.com','2014-09-11 13:17:48'),
	(3,'Frances Anna','Smith','malengatiger@gmail.com','2014-09-12 02:45:28'),
	(4,'Catherine','Malabie','aubrey@mlab.co.za','2014-09-12 02:50:19');

/*!40000 ALTER TABLE `visitor` ENABLE KEYS */;
UNLOCK TABLES;


# Dump of table visitorTrack
# ------------------------------------------------------------

DROP TABLE IF EXISTS `visitorTrack`;

CREATE TABLE `visitorTrack` (
  `visitorTrackID` int(10) unsigned NOT NULL AUTO_INCREMENT,
  `visitorID` int(10) unsigned NOT NULL,
  `beaconID` int(10) unsigned NOT NULL,
  `dateTracked` datetime NOT NULL,
  PRIMARY KEY (`visitorTrackID`),
  KEY `visitorID` (`visitorID`),
  KEY `beaconID` (`beaconID`),
  CONSTRAINT `visitortrack_ibfk_1` FOREIGN KEY (`visitorID`) REFERENCES `visitor` (`visitorID`) ON DELETE CASCADE,
  CONSTRAINT `visitortrack_ibfk_2` FOREIGN KEY (`beaconID`) REFERENCES `beacon` (`beaconID`) ON DELETE CASCADE
) ENGINE=InnoDB DEFAULT CHARSET=latin1;




/*!40111 SET SQL_NOTES=@OLD_SQL_NOTES */;
/*!40101 SET SQL_MODE=@OLD_SQL_MODE */;
/*!40014 SET FOREIGN_KEY_CHECKS=@OLD_FOREIGN_KEY_CHECKS */;
/*!40101 SET CHARACTER_SET_CLIENT=@OLD_CHARACTER_SET_CLIENT */;
/*!40101 SET CHARACTER_SET_RESULTS=@OLD_CHARACTER_SET_RESULTS */;
/*!40101 SET COLLATION_CONNECTION=@OLD_COLLATION_CONNECTION */;
